Label,Rep,Height_1_cm,Height_2_cm,Height_3_cm,Average_Height,Time,flux,swc,ts,EC,Date,Treatment,Ants,Treatment_binned,Rainfall
,,,,,,,,,,,,,,,
1,1,9,4.5,8.5,7.3,8:04,1.52,0,25.65,0,6/6/23,Disturbance,,Disturbance,No
,,,,,,,,,,,,,,,
1,2,9,4.5,8.5,7.3,,1.356,0,,0,6/6/23,Disturbance,,Disturbance,No
,,,,,,,,,,,,,,,
1,3,9,4.5,8.5,7.3,,1.396,0,,0,6/6/23,Disturbance,,Disturbance,No
,,,,,,,,,,,,,,,
2,1,8.75,5,8,7.25,8:11,0.788,0,,0,6/6/23,NPK_Cessation,,NPK ,No
,,,,,,,,,,,,,,,
2,2,8.75,5,8,7.25,,0.716,0,25.41,0,6/6/23,NPK_Cessation,,NPK ,No
,,,,,,,,,,,,,,,
2,3,8.75,5,8,7.25,,0.696,0,,0,6/6/23,NPK_Cessation,,NPK ,No
,,,,,,,,,,,,,,,
3,1,5,7,6,6,,1.153,0,26.41,0,6/6/23,NPK ,,NPK ,No
,,,,,,,,,,,,,,,
3,2,5,7,6,6,,1.074,0,,0,6/6/23,NPK ,,NPK ,No
,,,,,,,,,,,,,,,
3,3,5,7,6,6,,1.132,0,,0,6/6/23,NPK ,,NPK ,No
,,,,,,,,,,,,,,,
4,1,7,6.5,9,7.5,8:28,1.132,0,25.44,0,6/6/23,Control,,Control,No
,,,,,,,,,,,,,,,
4,2,7,6.5,9,7.5,,1.046,0,,0,6/6/23,Control,,Control,No
,,,,,,,,,,,,,,,
4,3,7,6.5,9,7.5,,1.094,0,,0,6/6/23,Control,,Control,No
,,,,,,,,,,,,,,,
5,1,6.5,6,5.5,6,8:35,1.177,0,27.14,0,6/6/23,NPK_Disturbance,,NPK_Disturbance,No
,,,,,,,,,,,,,,,
5,2,6.5,6,5.5,6,,1.245,0,,0,6/6/23,NPK_Disturbance,,NPK_Disturbance,No
,,,,,,,,,,,,,,,
5,3,6.5,6,5.5,6,,1.193,0,,0,6/6/23,NPK_Disturbance,,NPK_Disturbance,No
,,,,,,,,,,,,,,,
6,1,8,6.5,6,6.8,8:42,1.347,0,29.22,0,6/6/23,NPK_Disturbance,,NPK_Disturbance,No
,,,,,,,,,,,,,,,
6,2,8,6.5,6,6.8,,1.326,0,29.39,0,6/6/23,NPK_Disturbance,,NPK_Disturbance,No
,,,,,,,,,,,,,,,
6,3,8,6.5,6,6.8,,1.308,0,29.64,0,6/6/23,NPK_Disturbance,,NPK_Disturbance,No
,,,,,,,,,,,,,,,
7,1,8.5,7,9,8.2,8:51,1.724,0,28.37,0,6/6/23,Control,,Control,No
,,,,,,,,,,,,,,,
7,2,8.5,7,9,8.2,,2.234,0,28.33,0,6/6/23,Control,,Control,No
,,,,,,,,,,,,,,,
7,3,8.5,7,9,8.2,,2.355,0,28.47,0,6/6/23,Control,,Control,No
,,,,,,,,,,,,,,,
8,1,8,6,8.5,7.5,9:00,0.942,0,29.61,0,6/6/23,Disturbance,,Disturbance,No
,,,,,,,,,,,,,,,
8,2,8,6,8.5,7.5,,0.899,0,29.76,0,6/6/23,Disturbance,,Disturbance,No
,,,,,,,,,,,,,,,
8,3,8,6,8.5,7.5,,0.848,0,29.69,0,6/6/23,Disturbance,,Disturbance,No
,,,,,,,,,,,,,,,
9,1,4,7,6.5,5.8,9:08,0.769,0,27.84,0,6/6/23,NPK_Cessation,,NPK ,No
,,,,,,,,,,,,,,,
9,2,4,7,6.5,5.8,,1.035,0,27.87,0,6/6/23,NPK_Cessation,,NPK ,No
,,,,,,,,,,,,,,,
9,3,4,7,6.5,5.8,,1.032,0,27.74,0,6/6/23,NPK_Cessation,,NPK ,No
,,,,,,,,,,,,,,,
10,1,7,9,7,7.7,9:15,1.115,0,28.98,0,6/6/23,NPK ,,NPK ,No
,,,,,,,,,,,,,,,
10,2,7,9,7,7.7,,1.129,0,29.22,0,6/6/23,NPK ,,NPK ,No
,,,,,,,,,,,,,,,
10,3,7,9,7,7.7,,1.101,0,29.26,0,6/6/23,NPK ,,NPK ,No
,,,,,,,,,,,,,,,
11,1,5,7,8,6.7,9:23,1.27,0,28.44,0,6/6/23,NPK_Cessation,,NPK ,No
,,,,,,,,,,,,,,,
11,2,5,7,8,6.7,,1.219,0,28.82,0,6/6/23,NPK_Cessation,,NPK ,No
,,,,,,,,,,,,,,,
11,3,5,7,8,6.7,,1.088,0,28.85,0,6/6/23,NPK_Cessation,,NPK ,No
,,,,,,,,,,,,,,,
12,1,6,8,7,7,9:32,0.908,0,29.18,0,6/6/23,Disturbance,,Disturbance,No
,,,,,,,,,,,,,,,
12,2,6,8,7,7,,0.948,0,29.5,0,6/6/23,Disturbance,,Disturbance,No
,,,,,,,,,,,,,,,
12,3,6,8,7,7,,0.844,0,29.47,0,6/6/23,Disturbance,,Disturbance,No
,,,,,,,,,,,,,,,
13,1,4.5,7,6.5,6,9:41,1.084,0,30.32,0,6/6/23,NPK_Disturbance,,NPK_Disturbance,No
,,,,,,,,,,,,,,,
13,2,4.5,7,6.5,6,,1.107,0,30.68,0,6/6/23,NPK_Disturbance,,NPK_Disturbance,No
,,,,,,,,,,,,,,,
13,3,4.5,7,6.5,6,,1.082,0,30.88,0,6/6/23,NPK_Disturbance,,NPK_Disturbance,No
,,,,,,,,,,,,,,,
14,1,6.5,5,9,6.8,9:48,0.648,0,30.59,0,6/6/23,NPK ,,NPK ,No
,,,,,,,,,,,,,,,
14,2,6.5,5,9,6.8,,0.285,0,30.48,0,6/6/23,NPK ,,NPK ,No
,,,,,,,,,,,,,,,
14,3,6.5,5,9,6.8,,3.151,0,30.58,0,6/6/23,NPK ,,NPK ,No
,,,,,,,,,,,,,,,
15,1,7,7,8.5,7.5,9:57,0.675,0,30.65,0,6/6/23,Control,,Control,No
,,,,,,,,,,,,,,,
15,2,7,7,8.5,7.5,,0.631,0,30.73,0,6/6/23,Control,,Control,No
,,,,,,,,,,,,,,,
15,3,7,7,8.5,7.5,,0.736,0,30.88,0,6/6/23,Control,,Control,No
,,,,,,,,,,,,,,,
16,1,5.5,8,6,6.5,10:07,0.752,0,31.73,0,6/6/23,Control,,Control,No
,,,,,,,,,,,,,,,
16,2,5.5,8,6,6.5,,0.74,0,31.65,0,6/6/23,Control,,Control,No
,,,,,,,,,,,,,,,
16,3,5.5,8,6,6.5,,0.823,0,31.42,0,6/6/23,Control,,Control,No
,,,,,,,,,,,,,,,
17,1,7.5,5.5,8,7,10:13,1.404,0,31.47,0,6/6/23,NPK ,,NPK ,No
,,,,,,,,,,,,,,,
17,2,7.5,5.5,8,7,,1.33,0,,0,6/6/23,NPK ,,NPK ,No
,,,,,,,,,,,,,,,
17,3,7.5,5.5,8,7,,1.31,0,,0,6/6/23,NPK ,,NPK ,No
,,,,,,,,,,,,,,,
18,1,1,6,7,4.7,,1.072,0,,0,6/6/23,NPK_Disturbance,,NPK_Disturbance,No
,,,,,,,,,,,,,,,
18,2,1,6,7,4.7,,1.056,0,,0,6/6/23,NPK_Disturbance,,NPK_Disturbance,No
,,,,,,,,,,,,,,,
18,3,1,6,7,4.7,10:24,1.17,0,34.55,0,6/6/23,NPK_Disturbance,,NPK_Disturbance,No
,,,,,,,,,,,,,,,
19,1,6.5,8,10,8.2,,1.184,0,,0,6/6/23,NPK_Cessation,,NPK ,No
,,,,,,,,,,,,,,,
19,2,6.5,8,10,8.2,10:31,1.193,0,33.79,0,6/6/23,NPK_Cessation,,NPK ,No
,,,,,,,,,,,,,,,
19,3,6.5,8,10,8.2,,1.233,0,,0,6/6/23,NPK_Cessation,,NPK ,No
,,,,,,,,,,,,,,,
20,1,5.5,7.5,6,6.3,10:36,1.206,0,36.71,0,6/6/23,Disturbance,,Disturbance,No
,,,,,,,,,,,,,,,
20,2,5.5,7.5,6,6.3,,1.174,0,,0,6/6/23,Disturbance,,Disturbance,No
,,,,,,,,,,,,,,,
20,3,5.5,7.5,6,6.3,,1.221,0,,0,6/6/23,Disturbance,,Disturbance,No
,,,,,,,,,,,,,,,
21,1,6,6.5,5,5.8,10:45,1.131,0,37.05,0,6/6/23,NPK_Disturbance,,NPK_Disturbance,No
,,,,,,,,,,,,,,,
21,2,6,6.5,5,5.8,,1.215,0,,0,6/6/23,NPK_Disturbance,,NPK_Disturbance,No
,,,,,,,,,,,,,,,
21,3,6,6.5,5,5.8,,1.173,0,,0,6/6/23,NPK_Disturbance,,NPK_Disturbance,No
,,,,,,,,,,,,,,,
22,1,5,6,7,6,10:52,1.627,0,39.16,0,6/6/23,Control,,Control,No
,,,,,,,,,,,,,,,
22,2,5,6,7,6,,1.665,0,,0,6/6/23,Control,,Control,No
,,,,,,,,,,,,,,,
22,3,5,6,7,6,,1.698,0,,0,6/6/23,Control,,Control,No
,,,,,,,,,,,,,,,
23,1,4.5,5.5,8,6,11:12,1.109,0,34.61,0,6/6/23,Disturbance,,Disturbance,No
,,,,,,,,,,,,,,,
23,2,4.5,5.5,8,6,,1.059,0,34.49,0,6/6/23,Disturbance,,Disturbance,No
,,,,,,,,,,,,,,,
23,3,4.5,5.5,8,6,,1.129,0,34.64,0,6/6/23,Disturbance,,Disturbance,No
,,,,,,,,,,,,,,,
24,1,6.5,6.5,10,7.7,11:19,1.811,0,,0,6/6/23,NPK ,,NPK ,No
,,,,,,,,,,,,,,,
24,2,6.5,6.5,10,7.7,,1.766,0,37.16,0,6/6/23,NPK ,,NPK ,No
,,,,,,,,,,,,,,,
24,3,6.5,6.5,10,7.7,,1.81,0,37.55,0,6/6/23,NPK ,,NPK ,No
,,,,,,,,,,,,,,,
25,1,7.5,8,10,8.5,11:27,2.222,0,,0,6/6/23,NPK_Cessation,,NPK ,No
,,,,,,,,,,,,,,,
25,2,7.5,8,10,8.5,,1.953,0,,0,6/6/23,NPK_Cessation,,NPK ,No
,,,,,,,,,,,,,,,
25,3,7.5,8,10,8.5,,2.164,0,39.84,0,6/6/23,NPK_Cessation,,NPK ,No
,,,,,,,,,,,,,,,
1,1,5,8,7.5,6.8,10:10,1.316,0,29.73,0,6/9/23,Disturbance,,Disturbance,No
,,,,,,,,,,,,,,,
1,2,5,8,7.5,6.8,10:12,1.385,0,30.32,0,6/9/23,Disturbance,,Disturbance,No
,,,,,,,,,,,,,,,
1,3,5,8,7.5,6.8,,1.342,0,30.34,0,6/9/23,Disturbance,,Disturbance,No
,,,,,,,,,,,,,,,
2,1,5,7,8,6.7,10:18,0.719,0,32.35,0,6/9/23,NPK_Cessation,,NPK ,No
,,,,,,,,,,,,,,,
2,2,5,7,8,6.7,10:20,0.694,0,31.91,0,6/9/23,NPK_Cessation,,NPK ,No
,,,,,,,,,,,,,,,
2,3,5,7,8,6.7,10:22,0.675,0,32.08,0,6/9/23,NPK_Cessation,,NPK ,No
,,,,,,,,,,,,,,,
3,1,5,7,5.5,5.8,10:25,1.184,0,32,0,6/9/23,NPK ,,NPK ,No
,,,,,,,,,,,,,,,
3,2,5,7,5.5,5.8,10:27,1.106,0,32.02,0,6/9/23,NPK ,,NPK ,No
,,,,,,,,,,,,,,,
3,3,5,7,5.5,5.8,10:28,1.124,0,31.95,0,6/9/23,NPK ,,NPK ,No
,,,,,,,,,,,,,,,
4,1,7,6.5,8,7.2,10:36,0.991,0,33.78,0,6/9/23,Control,,Control,No
,,,,,,,,,,,,,,,
4,2,7,6.5,8,7.2,10:37,0.972,0,34.09,0,6/9/23,Control,,Control,No
,,,,,,,,,,,,,,,
4,3,7,6.5,8,7.2,10:38,0.977,0,33.94,0,6/9/23,Control,,Control,No
,,,,,,,,,,,,,,,
5,1,6.5,7,7,6.8,10:43,1.269,0,33.95,0,6/9/23,NPK_Disturbance,,NPK_Disturbance,No
,,,,,,,,,,,,,,,
5,2,6.5,7,7,6.8,10:45,1.231,0,34.43,0,6/9/23,NPK_Disturbance,,NPK_Disturbance,No
,,,,,,,,,,,,,,,
5,3,6.5,7,7,6.8,10:46,1.174,0,34.42,0,6/9/23,NPK_Disturbance,,NPK_Disturbance,No
,,,,,,,,,,,,,,,
6,1,8,6,6,6.7,10:51,1.41,0,36.03,0,6/9/23,NPK_Disturbance,,NPK_Disturbance,No
,,,,,,,,,,,,,,,
6,2,8,6,6,6.7,10:52,1.406,0,35.58,0,6/9/23,NPK_Disturbance,,NPK_Disturbance,No
,,,,,,,,,,,,,,,
6,3,8,6,6,6.7,10:54,1.376,0,35.66,0,6/9/23,NPK_Disturbance,,NPK_Disturbance,No
,,,,,,,,,,,,,,,
7,1,7.5,8,7,7.5,11:01,1.589,0,35.82,0,6/9/23,Control,,Control,No
,,,,,,,,,,,,,,,
7,2,7.5,8,7,7.5,11:03,1.457,0,35.78,0,6/9/23,Control,,Control,No
,,,,,,,,,,,,,,,
7,3,7.5,8,7,7.5,11:04,1.362,0,35.74,0,6/9/23,Control,,Control,No
,,,,,,,,,,,,,,,
8,1,9,7,6,7.3,11:09,0.974,0,35.81,0,6/9/23,Disturbance,,Disturbance,No
,,,,,,,,,,,,,,,
8,2,9,7,6,7.3,11:11,0.925,0,35.91,0,6/9/23,Disturbance,,Disturbance,No
,,,,,,,,,,,,,,,
8,3,9,7,6,7.3,11:12,0.924,0,35.52,0,6/9/23,Disturbance,,Disturbance,No
,,,,,,,,,,,,,,,
9,1,4,7,7.5,6.2,11:17,1.206,0,36.03,0,6/9/23,NPK_Cessation,,NPK ,No
,,,,,,,,,,,,,,,
9,2,4,7,7.5,6.2,11:18,1.144,0,36.16,0,6/9/23,NPK_Cessation,,NPK ,No
,,,,,,,,,,,,,,,
9,3,4,7,7.5,6.2,11:20,1.055,0,35.96,0,6/9/23,NPK_Cessation,,NPK ,No
,,,,,,,,,,,,,,,
10,1,7.5,8,7.5,7.7,11:25,1.548,0,37.98,0,6/9/23,NPK ,,NPK ,No
,,,,,,,,,,,,,,,
10,2,7.5,8,7.5,7.7,11:26,1.435,0,38.47,0,6/9/23,NPK ,,NPK ,No
,,,,,,,,,,,,,,,
10,3,7.5,8,7.5,7.7,11:27,1.392,0,38.15,0,6/9/23,NPK ,,NPK ,No
,,,,,,,,,,,,,,,
11,1,5.5,7,8,6.8,11:32,1.152,0,36.51,0,6/9/23,NPK_Cessation,,NPK ,No
,,,,,,,,,,,,,,,
11,2,5.5,7,8,6.8,11:34,1.216,0,36.81,0,6/9/23,NPK_Cessation,,NPK ,No
,,,,,,,,,,,,,,,
11,3,5.5,7,8,6.8,11:35,1.262,0,37.14,0,6/9/23,NPK_Cessation,,NPK ,No
,,,,,,,,,,,,,,,
12,1,6,7,7,6.7,11:40,0.958,0,37.67,0,6/9/23,Disturbance,,Disturbance,No
,,,,,,,,,,,,,,,
12,2,6,7,7,6.7,11:41,0.912,0,37.48,0,6/9/23,Disturbance,,Disturbance,No
,,,,,,,,,,,,,,,
12,3,6,7,7,6.7,11:43,0.85,0,37.41,0,6/9/23,Disturbance,,Disturbance,No
,,,,,,,,,,,,,,,
13,1,5,7,6,6,11:47,1.116,0,39.07,0,6/9/23,NPK_Disturbance,,NPK_Disturbance,No
,,,,,,,,,,,,,,,
13,2,5,7,6,6,11:49,1.072,0,38.42,0,6/9/23,NPK_Disturbance,,NPK_Disturbance,No
,,,,,,,,,,,,,,,
13,3,5,7,6,6,11:50,1.117,0,38.95,0,6/9/23,NPK_Disturbance,,NPK_Disturbance,No
,,,,,,,,,,,,,,,
14,1,6,5.5,8.5,6.7,11:57,1.432,0,38.3,0,6/9/23,NPK ,,NPK ,No
,,,,,,,,,,,,,,,
14,2,6,5.5,8.5,6.7,11:59,1.386,0,38.44,0,6/9/23,NPK ,,NPK ,No
,,,,,,,,,,,,,,,
14,3,6,5.5,8.5,6.7,12:00,1.328,0,38.33,0,6/9/23,NPK ,,NPK ,No
,,,,,,,,,,,,,,,
15,1,6.5,7,9,7.5,12:05,1.317,0,37.27,0,6/9/23,Control,,Control,No
,,,,,,,,,,,,,,,
15,2,6.5,7,9,7.5,12:06,1.24,0,37.03,0,6/9/23,Control,,Control,No
,,,,,,,,,,,,,,,
15,3,6.5,7,9,7.5,12:08,1.181,0,36.88,0,6/9/23,Control,,Control,No
,,,,,,,,,,,,,,,
16,1,6,8,6,6.7,12:12,1.254,0,36.48,0,6/9/23,Control,,Control,No
,,,,,,,,,,,,,,,
16,2,6,8,6,6.7,12:13,1.278,0,36.19,0,6/9/23,Control,,Control,No
,,,,,,,,,,,,,,,
16,3,6,8,6,6.7,12:23,1.179,0,36.33,0,6/9/23,Control,,Control,No
,,,,,,,,,,,,,,,
17,1,7.5,6,8.5,7.3,12:20,2.041,0,38.73,0,6/9/23,NPK ,,NPK ,No
,,,,,,,,,,,,,,,
17,2,7.5,6,8.5,7.3,12:22,2.111,0,39.43,0,6/9/23,NPK ,,NPK ,No
,,,,,,,,,,,,,,,
17,3,7.5,6,8.5,7.3,12:23,1.882,0,39.52,0,6/9/23,NPK ,,NPK ,No
,,,,,,,,,,,,,,,
18,1,6,5.5,1,4.2,12:29,1.078,0,39.1,0,6/9/23,NPK_Disturbance,,NPK_Disturbance,No
,,,,,,,,,,,,,,,
18,2,6,5.5,1,4.2,12:30,1.079,0,39.38,0,6/9/23,NPK_Disturbance,,NPK_Disturbance,No
,,,,,,,,,,,,,,,
18,3,6,5.5,1,4.2,12:31,1.054,0,38.99,0,6/9/23,NPK_Disturbance,,NPK_Disturbance,No
,,,,,,,,,,,,,,,
19,1,7,9,8.5,8.2,12:37,1.114,0,39.46,0,6/9/23,NPK_Cessation,,NPK ,No
,,,,,,,,,,,,,,,
19,2,7,9,8.5,8.2,12:38,1.185,0,39.7,0,6/9/23,NPK_Cessation,,NPK ,No
,,,,,,,,,,,,,,,
19,3,7,9,8.5,8.2,12:39,1.108,0,39.75,0,6/9/23,NPK_Cessation,,NPK ,No
,,,,,,,,,,,,,,,
20,1,6,7,7,6.7,12:46,1.39,0,38.84,0,6/9/23,Disturbance,,Disturbance,No
,,,,,,,,,,,,,,,
20,2,6,7,7,6.7,12:47,1.42,0,37.96,0,6/9/23,Disturbance,,Disturbance,No
,,,,,,,,,,,,,,,
20,3,6,7,7,6.7,12:48,1.368,0,38.47,0,6/9/23,Disturbance,,Disturbance,No
,,,,,,,,,,,,,,,
21,1,6.5,8,4,6.2,12:53,1.575,0,40.59,0,6/9/23,NPK_Disturbance,,NPK_Disturbance,No
,,,,,,,,,,,,,,,
21,2,6.5,8,4,6.2,12:54,1.414,0,41.49,0,6/9/23,NPK_Disturbance,,NPK_Disturbance,No
,,,,,,,,,,,,,,,
21,3,6.5,8,4,6.2,12:56,1.526,0,41.32,0,6/9/23,NPK_Disturbance,,NPK_Disturbance,No
,,,,,,,,,,,,,,,
22,1,6,7,6.5,6.5,13:02,1.993,0,40.25,0,6/9/23,Control,,Control,No
,,,,,,,,,,,,,,,
22,2,6,7,6.5,6.5,13:03,1.812,0,40.52,0,6/9/23,Control,,Control,No
,,,,,,,,,,,,,,,
22,3,6,7,6.5,6.5,13:04,1.95,0,40,0,6/9/23,Control,,Control,No
,,,,,,,,,,,,,,,
23,1,8,4,9,7,13:09,1.643,0,40.88,0,6/9/23,Disturbance,,Disturbance,No
,,,,,,,,,,,,,,,
23,2,8,4,9,7,13:11,1.583,0,40.9,0,6/9/23,Disturbance,,Disturbance,No
,,,,,,,,,,,,,,,
23,3,8,4,9,7,13:12,1.627,0,40.35,0,6/9/23,Disturbance,,Disturbance,No
,,,,,,,,,,,,,,,
24,1,6.5,9,7,7.5,13:35,1.49,0,41.72,0,6/9/23,NPK ,,NPK ,No
,,,,,,,,,,,,,,,
24,2,6.5,9,7,7.5,13:36,1.524,0,42.21,0,6/9/23,NPK ,,NPK ,No
,,,,,,,,,,,,,,,
24,3,6.5,9,7,7.5,13:38,1.458,0,41.75,0,6/9/23,NPK ,,NPK ,No
,,,,,,,,,,,,,,,
25,1,8,8.5,8.5,8.3,13:28,1.15,0,41.22,0,6/9/23,NPK_Cessation,,NPK ,No
,,,,,,,,,,,,,,,
25,2,8,8.5,8.5,8.3,13:29,2.506,0,41.59,0,6/9/23,NPK_Cessation,,NPK ,No
,,,,,,,,,,,,,,,
25,3,8,8.5,8.5,8.3,13:31,1.83,0,41.09,0,6/9/23,NPK_Cessation,,NPK ,No
,,,,,,,,,,,,,,,
1,1,6,8.5,7.5,7.3,13:34,2.888,0.11,33.31,0,6/12/23,Disturbance,,Disturbance,Yes
,,,,,,,,,,,,,,,
1,2,6,8.5,7.5,7.3,13:36,2.536,0.11,33.26,0,6/12/23,Disturbance,,Disturbance,Yes
,,,,,,,,,,,,,,,
1,3,6,8.5,7.5,7.3,13:37,2.426,0.11,32.95,0,6/12/23,Disturbance,,Disturbance,Yes
,,,,,,,,,,,,,,,
2,1,8.5,6.5,8.5,7.8,13:26,1.376,0.14,31.81,0,6/12/23,NPK_Cessation,,NPK ,Yes
,,,,,,,,,,,,,,,
2,2,8.5,6.5,8.5,7.8,13:27,1.38,0.15,31.77,0,6/12/23,NPK_Cessation,,NPK ,Yes
,,,,,,,,,,,,,,,
2,3,8.5,6.5,8.5,7.8,13:29,1.269,0.15,31.68,0,6/12/23,NPK_Cessation,,NPK ,Yes
,,,,,,,,,,,,,,,
3,1,4,7,7,6,13:18,2.568,0.03,31.92,0,6/12/23,NPK ,,NPK ,Yes
,,,,,,,,,,,,,,,
3,2,4,7,7,6,13:19,2.459,0.03,32,0,6/12/23,NPK ,,NPK ,Yes
,,,,,,,,,,,,,,,
3,3,4,7,7,6,13:21,2.434,0.04,31.96,0,6/12/23,NPK ,,NPK ,Yes
,,,,,,,,,,,,,,,
4,1,7.5,8,9,8.2,13:10,1.448,0.17,30.02,0,6/12/23,Control,,Control,Yes
,,,,,,,,,,,,,,,
4,2,7.5,8,9,8.2,13:11,1.413,0.17,30.08,0,6/12/23,Control,,Control,Yes
,,,,,,,,,,,,,,,
4,3,7.5,8,9,8.2,13:13,1.448,0.17,30.43,0,6/12/23,Control,,Control,Yes
,,,,,,,,,,,,,,,
5,1,6.5,7.5,8.5,7.5,13:01,3.145,0.26,30.75,0.01,6/12/23,NPK_Disturbance,,NPK_Disturbance,Yes
,,,,,,,,,,,,,,,
5,2,6.5,7.5,8.5,7.5,13:02,2.881,0.26,30.65,0.01,6/12/23,NPK_Disturbance,,NPK_Disturbance,Yes
,,,,,,,,,,,,,,,
5,3,6.5,7.5,8.5,7.5,13:03,2.779,0.26,30.4,0.01,6/12/23,NPK_Disturbance,,NPK_Disturbance,Yes
,,,,,,,,,,,,,,,
6,1,7,6,6,6.3,12:53,2.879,0.23,31.65,0,6/12/23,NPK_Disturbance,,NPK_Disturbance,Yes
,,,,,,,,,,,,,,,
6,2,7,6,6,6.3,12:54,2.356,0.24,31.29,0,6/12/23,NPK_Disturbance,,NPK_Disturbance,Yes
,,,,,,,,,,,,,,,
6,3,7,6,6,6.3,12:55,2.499,0.24,31.25,0,6/12/23,NPK_Disturbance,,NPK_Disturbance,Yes
,,,,,,,,,,,,,,,
7,1,7.5,9,8.5,8.3,12:45,1.893,0.24,30.67,0,6/12/23,Control,,Control,Yes
,,,,,,,,,,,,,,,
7,2,7.5,9,8.5,8.3,12:46,1.888,0.24,30.95,0.01,6/12/23,Control,,Control,Yes
,,,,,,,,,,,,,,,
7,3,7.5,9,8.5,8.3,12:48,1.685,0.25,30.78,0,6/12/23,Control,,Control,Yes
,,,,,,,,,,,,,,,
8,1,8,8.5,6,7.5,12:35,2.546,0.23,32.11,0,6/12/23,Disturbance,,Disturbance,Yes
,,,,,,,,,,,,,,,
8,2,8,8.5,6,7.5,12:37,2.444,0.24,31.8,0,6/12/23,Disturbance,,Disturbance,Yes
,,,,,,,,,,,,,,,
8,3,8,8.5,6,7.5,12:38,2.384,0.24,31.55,0,6/12/23,Disturbance,,Disturbance,Yes
,,,,,,,,,,,,,,,
9,1,4.5,7.5,7.5,6.5,12:28,1.79,0.12,29.2,0,6/12/23,NPK_Cessation,,NPK ,Yes
,,,,,,,,,,,,,,,
9,2,4.5,7.5,7.5,6.5,12:30,1.731,0.12,29.16,0,6/12/23,NPK_Cessation,,NPK ,Yes
,,,,,,,,,,,,,,,
9,3,4.5,7.5,7.5,6.5,12:31,1.602,0.12,29.14,0,6/12/23,NPK_Cessation,,NPK ,Yes
,,,,,,,,,,,,,,,
10,1,8.5,9,7.5,8.3,12:21,2.094,0.28,30.84,0.01,6/12/23,NPK ,,NPK ,Yes
,,,,,,,,,,,,,,,
10,2,8.5,9,7.5,8.3,12:22,2.133,0.28,30.78,0.01,6/12/23,NPK ,,NPK ,Yes
,,,,,,,,,,,,,,,
10,3,8.5,9,7.5,8.3,12:24,1.949,0.29,30.48,0.01,6/12/23,NPK ,,NPK ,Yes
,,,,,,,,,,,,,,,
11,1,6,8,8.5,7.5,12:13,3.966,0.16,30.39,0,6/12/23,NPK_Cessation,,NPK ,Yes
,,,,,,,,,,,,,,,
11,2,6,8,8.5,7.5,12:15,5.116,0.16,30.66,0,6/12/23,NPK_Cessation,,NPK ,Yes
,,,,,,,,,,,,,,,
11,3,6,8,8.5,7.5,12:16,4.432,0.16,30.44,0,6/12/23,NPK_Cessation,,NPK ,Yes
,,,,,,,,,,,,,,,
12,1,7,7,8,7.3,12:04,2.776,0.17,30.27,0,6/12/23,Disturbance,,Disturbance,Yes
,,,,,,,,,,,,,,,
12,2,7,7,8,7.3,12:05,3.302,0.17,30.04,0,6/12/23,Disturbance,,Disturbance,Yes
,,,,,,,,,,,,,,,
12,3,7,7,8,7.3,,3.609,0.17,29.34,0,6/12/23,Disturbance,,Disturbance,Yes
,,,,,,,,,,,,,,,
13,1,5,6.5,6.5,6,11:54,7.853,0.08,30.28,0,6/12/23,NPK_Disturbance,,NPK_Disturbance,Yes
,,,,,,,,,,,,,,,
13,2,5,6.5,6.5,6,11:55,8.62,0.09,30.44,0,6/12/23,NPK_Disturbance,,NPK_Disturbance,Yes
,,,,,,,,,,,,,,,
13,3,5,6.5,6.5,6,11:57,8.64,0.09,30.74,0,6/12/23,NPK_Disturbance,,NPK_Disturbance,Yes
,,,,,,,,,,,,,,,
14,1,7,5,7,6.3,11:46,1.904,0.06,31.22,0,6/12/23,NPK ,,NPK ,Yes
,,,,,,,,,,,,,,,
14,2,7,5,7,6.3,11:47,1.626,0.05,30.9,0,6/12/23,NPK ,,NPK ,Yes
,,,,,,,,,,,,,,,
14,3,7,5,7,6.3,11:49,1.654,0.06,30.64,0,6/12/23,NPK ,,NPK ,Yes
,,,,,,,,,,,,,,,
15,1,7,7,8.5,7.5,11:38,4.086,0.34,28.84,0.01,6/12/23,Control,,Control,Yes
,,,,,,,,,,,,,,,
15,2,7,7,8.5,7.5,11:39,3.978,0.34,28.94,0.01,6/12/23,Control,,Control,Yes
,,,,,,,,,,,,,,,
15,3,7,7,8.5,7.5,11:41,3.928,0.34,29.09,0.01,6/12/23,Control,,Control,Yes
,,,,,,,,,,,,,,,
16,1,7.5,6.5,7,7,11:31,3.787,0.3,28.93,0.01,6/12/23,Control,,Control,Yes
,,,,,,,,,,,,,,,
16,2,7.5,6.5,7,7,11:32,4.118,0.31,28.81,0.01,6/12/23,Control,,Control,Yes
,,,,,,,,,,,,,,,
16,3,7.5,6.5,7,7,11:33,4.591,0.31,28.67,0.01,6/12/23,Control,,Control,Yes
,,,,,,,,,,,,,,,
17,1,7,7,7.5,7.2,11:23,3.868,0.12,29.28,0,6/12/23,NPK ,,NPK ,Yes
,,,,,,,,,,,,,,,
17,2,7,7,7.5,7.2,11:25,3.853,0.13,29.17,0,6/12/23,NPK ,,NPK ,Yes
,,,,,,,,,,,,,,,
17,3,7,7,7.5,7.2,11:26,4.37,0.13,28.95,0,6/12/23,NPK ,,NPK ,Yes
,,,,,,,,,,,,,,,
18,1,2,6.5,6.5,5,11:14,12.771,0.19,27.86,0,6/12/23,NPK_Disturbance,,NPK_Disturbance,Yes
,,,,,,,,,,,,,,,
18,2,2,6.5,6.5,5,11:15,14.509,0.19,28.01,0,6/12/23,NPK_Disturbance,,NPK_Disturbance,Yes
,,,,,,,,,,,,,,,
18,3,2,6.5,6.5,5,11:17,15.968,0.19,28.25,0,6/12/23,NPK_Disturbance,,NPK_Disturbance,Yes
,,,,,,,,,,,,,,,
19,1,6.5,10,9,8.5,11:05,1.861,0.34,27.7,0.01,6/12/23,NPK_Cessation,,NPK ,Yes
,,,,,,,,,,,,,,,
19,2,6.5,10,9,8.5,11:07,2.015,0.34,27.4,0.01,6/12/23,NPK_Cessation,,NPK ,Yes
,,,,,,,,,,,,,,,
19,3,6.5,10,9,8.5,11:08,2.423,0.34,27.1,0.01,6/12/23,NPK_Cessation,,NPK ,Yes
,,,,,,,,,,,,,,,
20,1,6,6.5,6.5,6.3,10:58,8.313,0.28,28.66,0.01,6/12/23,Disturbance,,Disturbance,Yes
,,,,,,,,,,,,,,,
20,2,6,6.5,6.5,6.3,10:59,8.865,0.28,28.93,0.01,6/12/23,Disturbance,,Disturbance,Yes
,,,,,,,,,,,,,,,
20,3,6,6.5,6.5,6.3,11:00,9.061,0.28,28.81,0.01,6/12/23,Disturbance,,Disturbance,Yes
,,,,,,,,,,,,,,,
21,1,6.5,6,5.5,6,10:49,4.485,0.34,26.54,0.01,6/12/23,NPK_Disturbance,,NPK_Disturbance,Yes
,,,,,,,,,,,,,,,
21,2,6.5,6,5.5,6,10:51,4.848,0.34,26.54,0.01,6/12/23,NPK_Disturbance,,NPK_Disturbance,Yes
,,,,,,,,,,,,,,,
21,3,6.5,6,5.5,6,10:52,5.083,0.34,26.68,0.01,6/12/23,NPK_Disturbance,,NPK_Disturbance,Yes
,,,,,,,,,,,,,,,
22,1,6.5,7,7.5,7,10:42,5.653,0,26.7,0,6/12/23,Control,,Control,Yes
,,,,,,,,,,,,,,,
22,2,6.5,7,7.5,7,10:43,6.507,0,26.85,0,6/12/23,Control,,Control,Yes
,,,,,,,,,,,,,,,
22,3,6.5,7,7.5,7,10:45,6.939,0,26.75,0,6/12/23,Control,,Control,Yes
,,,,,,,,,,,,,,,
23,1,7,5,8.5,6.8,10:33,6.929,0.34,26.78,0.01,6/12/23,Disturbance,,Disturbance,Yes
,,,,,,,,,,,,,,,
23,2,7,5,8.5,6.8,10:35,7.846,0.34,26.79,0.01,6/12/23,Disturbance,,Disturbance,Yes
,,,,,,,,,,,,,,,
23,3,7,5,8.5,6.8,10:36,7.479,0.34,26.68,0.01,6/12/23,Disturbance,,Disturbance,Yes
,,,,,,,,,,,,,,,
24,1,6.5,9,7.5,7.7,10:25,2.714,0.31,26.08,0.01,6/12/23,NPK ,,NPK ,Yes
,,,,,,,,,,,,,,,
24,2,6.5,9,7.5,7.7,10:26,3.137,0.32,26.37,0.01,6/12/23,NPK ,,NPK ,Yes
,,,,,,,,,,,,,,,
24,3,6.5,9,7.5,7.7,10:27,2.866,0.32,26.39,0.01,6/12/23,NPK ,,NPK ,Yes
,,,,,,,,,,,,,,,
25,1,8,9,8.5,8.5,10:14,3.465,0.24,24.53,0,6/12/23,NPK_Cessation,,NPK ,Yes
,,,,,,,,,,,,,,,
25,2,8,9,8.5,8.5,10:16,3.883,0.25,24.55,0,6/12/23,NPK_Cessation,,NPK ,Yes
,,,,,,,,,,,,,,,
25,3,8,9,8.5,8.5,10:17,3.931,0.25,24.54,0,6/12/23,NPK_Cessation,,NPK ,Yes
,,,,,,,,,,,,,,,
1,1,6,8,7,7,13:01,1.938,0.16,34.65,0,6/16/23,Disturbance,,Disturbance,No
,,,,,,,,,,,,,,,
1,2,6,8,7,7,13:02,1.915,0.17,34.43,0,6/16/23,Disturbance,,Disturbance,No
,,,,,,,,,,,,,,,
1,3,6,8,7,7,13:04,1.952,0.16,34.04,0,6/16/23,Disturbance,,Disturbance,No
,,,,,,,,,,,,,,,
2,1,5,6,9,6.7,12:55,1.101,0.14,34.4,0,6/16/23,NPK_Cessation,,NPK ,No
,,,,,,,,,,,,,,,
2,2,5,6,9,6.7,12:57,1.027,0.14,34.16,0,6/16/23,NPK_Cessation,,NPK ,No
,,,,,,,,,,,,,,,
2,3,5,6,9,6.7,12:58,1.03,0.14,33.93,0,6/16/23,NPK_Cessation,,NPK ,No
,,,,,,,,,,,,,,,
3,1,4,7,5,5.3,12:49,2.174,0.22,34.08,0,6/16/23,NPK ,,NPK ,No
,,,,,,,,,,,,,,,
3,2,4,7,5,5.3,12:51,2.275,0.22,34.23,0,6/16/23,NPK ,,NPK ,No
,,,,,,,,,,,,,,,
3,3,4,7,5,5.3,12:52,2.134,0.23,34.07,0,6/16/23,NPK ,,NPK ,No
,,,,,,,,,,,,,,,
4,1,6,7.5,7.5,7,12:43,1.404,0.29,33.8,0,6/16/23,Control,,Control,No
,,,,,,,,,,,,,,,
4,2,6,7.5,7.5,7,12:44,1.366,0.29,33.62,0,6/16/23,Control,,Control,No
,,,,,,,,,,,,,,,
4,3,6,7.5,7.5,7,12:46,1.333,0.29,33.45,0,6/16/23,Control,,Control,No
,,,,,,,,,,,,,,,
5,1,6.5,6,8,6.8,12:37,2.413,0.17,33.69,0,6/16/23,NPK_Disturbance,,NPK_Disturbance,No
,,,,,,,,,,,,,,,
5,2,6.5,6,8,6.8,12:38,2.37,0.17,33.74,0,6/16/23,NPK_Disturbance,,NPK_Disturbance,No
,,,,,,,,,,,,,,,
5,3,6.5,6,8,6.8,12:39,2.316,0.17,33.42,0,6/16/23,NPK_Disturbance,,NPK_Disturbance,No
,,,,,,,,,,,,,,,
6,1,6.5,5.5,5.5,5.8,12:30,1.924,0.17,34.01,0,6/16/23,NPK_Disturbance,,NPK_Disturbance,No
,,,,,,,,,,,,,,,
6,2,6.5,5.5,5.5,5.8,12:31,1.802,0.17,33.84,0,6/16/23,NPK_Disturbance,,NPK_Disturbance,No
,,,,,,,,,,,,,,,
6,3,6.5,5.5,5.5,5.8,12:33,1.704,0.17,33.61,0,6/16/23,NPK_Disturbance,,NPK_Disturbance,No
,,,,,,,,,,,,,,,
7,1,7,8,8,7.7,11:06,1.746,0.31,31.65,0.01,6/16/23,Control,,Control,No
,,,,,,,,,,,,,,,
7,2,7,8,8,7.7,11:07,1.562,0.31,31.53,0.01,6/16/23,Control,,Control,No
,,,,,,,,,,,,,,,
7,3,7,8,8,7.7,11:09,1.558,0.31,31.21,0.01,6/16/23,Control,,Control,No
,,,,,,,,,,,,,,,
8,1,8.5,7,6,7.2,10:59,1.807,0.11,32.69,0,6/16/23,Disturbance,,Disturbance,No
,,,,,,,,,,,,,,,
8,2,8.5,7,6,7.2,11:00,1.724,0.12,32.94,0,6/16/23,Disturbance,,Disturbance,No
,,,,,,,,,,,,,,,
8,3,8.5,7,6,7.2,11:02,1.709,0.12,32.94,0,6/16/23,Disturbance,,Disturbance,No
,,,,,,,,,,,,,,,
9,1,4.5,7.5,8,6.7,10:53,1.762,0.19,,0,6/16/23,NPK_Cessation,,NPK ,No
,,,,,,,,,,,,,,,
9,2,4.5,7.5,8,6.7,10:54,1.627,0.19,,0,6/16/23,NPK_Cessation,,NPK ,No
,,,,,,,,,,,,,,,
9,3,4.5,7.5,8,6.7,10:56,1.585,0.19,,0,6/16/23,NPK_Cessation,,NPK ,No
,,,,,,,,,,,,,,,
10,1,7.5,6.5,9.5,7.8,10:46,2.021,0.26,,0,6/16/23,NPK ,,NPK ,No
,,,,,,,,,,,,,,,
10,2,7.5,6.5,9.5,7.8,10:48,1.917,0.26,,0,6/16/23,NPK ,,NPK ,No
,,,,,,,,,,,,,,,
10,3,7.5,6.5,9.5,7.8,10:50,2.141,0.26,,0,6/16/23,NPK ,,NPK ,No
,,,,,,,,,,,,,,,
11,1,5,7,7,6.3,10:40,2.704,0.24,,0.01,6/16/23,NPK_Cessation,,NPK ,No
,,,,,,,,,,,,,,,
11,2,5,7,7,6.3,10:41,2.439,0.24,,0.01,6/16/23,NPK_Cessation,,NPK ,No
,,,,,,,,,,,,,,,
11,3,5,7,7,6.3,10:43,2.331,0.24,,0.01,6/16/23,NPK_Cessation,,NPK ,No
,,,,,,,,,,,,,,,
12,1,7,6.5,7.5,7,10:34,1.224,0.24,,0,6/16/23,Disturbance,,Disturbance,No
,,,,,,,,,,,,,,,
12,2,7,6.5,7.5,7,10:36,0.832,0.24,,0,6/16/23,Disturbance,,Disturbance,No
,,,,,,,,,,,,,,,
12,3,7,6.5,7.5,7,10:38,0.832,0.24,,0,6/16/23,Disturbance,,Disturbance,No
,,,,,,,,,,,,,,,
13,1,6,6,4.5,5.5,10:13,1.285,0.16,,0,6/16/23,NPK_Disturbance,,NPK_Disturbance,No
,,,,,,,,,,,,,,,
13,2,6,6,4.5,5.5,10:15,1.265,0.16,,0,6/16/23,NPK_Disturbance,,NPK_Disturbance,No
,,,,,,,,,,,,,,,
13,3,6,6,4.5,5.5,10:17,1.25,0.16,,0,6/16/23,NPK_Disturbance,,NPK_Disturbance,No
,,,,,,,,,,,,,,,
14,1,6,8,7.5,7.2,11:51,1.008,0.09,33.05,0,6/16/23,NPK ,,NPK ,No
,,,,,,,,,,,,,,,
14,2,6,8,7.5,7.2,11:52,0.952,0.09,33,0,6/16/23,NPK ,,NPK ,No
,,,,,,,,,,,,,,,
14,3,6,8,7.5,7.2,11:53,0.955,0.08,32.95,0,6/16/23,NPK ,,NPK ,No
,,,,,,,,,,,,,,,
15,1,8.5,7.5,8,8,11:44,1.503,0.17,31.43,0,6/16/23,Control,,Control,No
,,,,,,,,,,,,,,,
15,2,8.5,7.5,8,8,11:46,1.461,0.17,31.36,0,6/16/23,Control,,Control,No
,,,,,,,,,,,,,,,
15,3,8.5,7.5,8,8,11:47,1.407,0.17,31.28,0,6/16/23,Control,,Control,No
,,,,,,,,,,,,,,,
16,1,6,6,7.5,6.5,11:38,2.253,0.14,31.87,0,6/16/23,Control,,Control,No
,,,,,,,,,,,,,,,
16,2,6,6,7.5,6.5,11:40,1.969,0.15,31.85,0,6/16/23,Control,,Control,No
,,,,,,,,,,,,,,,
16,3,6,6,7.5,6.5,,2.02,0.15,31.45,0,6/16/23,Control,,Control,No
,,,,,,,,,,,,,,,
17,1,6.5,8,6.5,7,11:32,3.143,0.13,30.56,0,6/16/23,NPK ,,NPK ,No
,,,,,,,,,,,,,,,
17,2,6.5,8,6.5,7,11:34,2.938,0.14,30.64,0,6/16/23,NPK ,,NPK ,No
,,,,,,,,,,,,,,,
17,3,6.5,8,6.5,7,11:35,3.137,0.14,30.44,0,6/16/23,NPK ,,NPK ,No
,,,,,,,,,,,,,,,
18,1,1,4,5,3.3,11:25,1.12,0.17,31.03,0.01,6/16/23,NPK_Disturbance,,NPK_Disturbance,No
,,,,,,,,,,,,,,,
18,2,1,4,5,3.3,11:26,1.13,0.17,31.23,0,6/16/23,NPK_Disturbance,,NPK_Disturbance,No
,,,,,,,,,,,,,,,
18,3,1,4,5,3.3,11:28,1.061,0.17,31.2,0,6/16/23,NPK_Disturbance,,NPK_Disturbance,No
,,,,,,,,,,,,,,,
19,1,8,7,9.5,8.2,11:18,1.595,0.32,30.45,0.01,6/16/23,NPK_Cessation,,NPK ,No
,,,,,,,,,,,,,,,
19,2,8,7,9.5,8.2,11:20,1.669,0.32,30.2,0.01,6/16/23,NPK_Cessation,,NPK ,No
,,,,,,,,,,,,,,,
19,3,8,7,9.5,8.2,11:21,1.474,0.32,30.04,0.01,6/16/23,NPK_Cessation,,NPK ,No
,,,,,,,,,,,,,,,
20,1,6,6,6,6,11:12,2.051,0.28,31.88,0.01,6/16/23,Disturbance,,Disturbance,No
,,,,,,,,,,,,,,,
20,2,6,6,6,6,11:14,1.993,0.29,31.99,0.01,6/16/23,Disturbance,,Disturbance,No
,,,,,,,,,,,,,,,
20,3,6,6,6,6,11:15,1.901,0.29,32,0.01,6/16/23,Disturbance,,Disturbance,No
,,,,,,,,,,,,,,,
21,1,5,6.5,6,5.8,12:23,2.959,0.35,33.88,0.01,6/16/23,NPK_Disturbance,,NPK_Disturbance,No
,,,,,,,,,,,,,,,
21,2,5,6.5,6,5.8,12:25,2.799,0.35,33.89,0.01,6/16/23,NPK_Disturbance,,NPK_Disturbance,No
,,,,,,,,,,,,,,,
21,3,5,6.5,6,5.8,12:26,2.682,0.35,33.94,0.01,6/16/23,NPK_Disturbance,,NPK_Disturbance,No
,,,,,,,,,,,,,,,
22,1,6,5.5,6,5.8,12:17,3.22,0.09,32.68,0,6/16/23,Control,,Control,No
,,,,,,,,,,,,,,,
22,2,6,5.5,6,5.8,12:18,3.037,0.09,32.83,0,6/16/23,Control,,Control,No
,,,,,,,,,,,,,,,
22,3,6,5.5,6,5.8,12:19,2.827,0.09,32.85,0,6/16/23,Control,,Control,No
,,,,,,,,,,,,,,,
23,1,4.5,8,6.5,6.2,12:11,2.938,0.3,32.3,0,6/16/23,Disturbance,,Disturbance,No
,,,,,,,,,,,,,,,
23,2,4.5,8,6.5,6.2,12:12,2.823,0.31,32.25,0,6/16/23,Disturbance,,Disturbance,No
,,,,,,,,,,,,,,,
23,3,4.5,8,6.5,6.2,12:14,2.755,0.31,32.28,0,6/16/23,Disturbance,,Disturbance,No
,,,,,,,,,,,,,,,
24,1,6.5,9,7.5,7.7,12:04,2.048,0.27,31.68,0,6/16/23,NPK ,,NPK ,No
,,,,,,,,,,,,,,,
24,2,6.5,9,7.5,7.7,12:05,2.033,0.27,31.39,0,6/16/23,NPK ,,NPK ,No
,,,,,,,,,,,,,,,
24,3,6.5,9,7.5,7.7,12:06,2.137,0.27,31.21,0,6/16/23,NPK ,,NPK ,No
,,,,,,,,,,,,,,,
25,1,8,7.5,8.5,8,11:57,2.978,0.24,31.56,0,6/16/23,NPK_Cessation,,NPK ,No
,,,,,,,,,,,,,,,
25,2,8,7.5,8.5,8,11:59,2.917,0.24,31.68,0,6/16/23,NPK_Cessation,,NPK ,No
,,,,,,,,,,,,,,,
25,3,8,7.5,8.5,8,12:00,2.839,0.24,31.61,0,6/16/23,NPK_Cessation,,NPK ,No
,,,,,,,,,,,,,,,
1,1,6.5,8,7,7.2,11:19,1.425,0.25,24.84,0,6/23/23,Disturbance,,Disturbance,No
,,,,,,,,,,,,,,,
1,2,6.5,8,7,7.2,11:20,1.416,0.25,24.86,0,6/23/23,Disturbance,,Disturbance,No
,,,,,,,,,,,,,,,
1,3,6.5,8,7,7.2,11:21,1.323,0.25,24.79,0,6/23/23,Disturbance,,Disturbance,No
,,,,,,,,,,,,,,,
2,1,7.5,6.5,9,7.7,11:26,1.007,0.12,24.15,0,6/23/23,NPK_Cessation,,NPK ,No
,,,,,,,,,,,,,,,
2,2,7.5,6.5,9,7.7,11:27,0.928,0.12,24.2,0,6/23/23,NPK_Cessation,,NPK ,No
,,,,,,,,,,,,,,,
2,3,7.5,6.5,9,7.7,11:29,0.923,0.12,24.18,0,6/23/23,NPK_Cessation,,NPK ,No
,,,,,,,,,,,,,,,
3,1,4.5,8,7,6.5,11:37,2.207,0.27,24.32,0.01,6/23/23,NPK ,,NPK ,No
,,,,,,,,,,,,,,,
3,2,4.5,8,7,6.5,11:38,2.062,0.27,24.59,0.01,6/23/23,NPK ,,NPK ,No
,,,,,,,,,,,,,,,
3,3,4.5,8,7,6.5,11:39,2.077,0.27,24.7,0.01,6/23/23,NPK ,,NPK ,No
,,,,,,,,,,,,,,,
4,1,7,8,8.5,7.8,11:43,1.336,0.36,25.05,0.01,6/23/23,Control,,Control,No
,,,,,,,,,,,,,,,
4,2,7,8,8.5,7.8,11:44,1.336,0.36,25.07,0.01,6/23/23,Control,,Control,No
,,,,,,,,,,,,,,,
4,3,7,8,8.5,7.8,11:46,1.175,0.36,25.01,0.01,6/23/23,Control,,Control,No
,,,,,,,,,,,,,,,
5,1,5.5,9,7,7.2,11:51,2.97,0.38,24.98,0.01,6/23/23,NPK_Disturbance,,NPK_Disturbance,No
,,,,,,,,,,,,,,,
5,2,5.5,9,7,7.2,11:52,2.705,0.38,24.98,0.01,6/23/23,NPK_Disturbance,,NPK_Disturbance,No
,,,,,,,,,,,,,,,
5,3,5.5,9,7,7.2,11:54,2.511,0.38,24.95,0.01,6/23/23,NPK_Disturbance,,NPK_Disturbance,No
,,,,,,,,,,,,,,,
6,1,6.5,7,6,6.5,11:59,1.933,0.25,25.57,0,6/23/23,NPK_Disturbance,,NPK_Disturbance,No
,,,,,,,,,,,,,,,
6,2,6.5,7,6,6.5,12:00,4.209,0.25,25.74,0,6/23/23,NPK_Disturbance,,NPK_Disturbance,No
,,,,,,,,,,,,,,,
6,3,6.5,7,6,6.5,12:02,2.566,0.25,25.78,0,6/23/23,NPK_Disturbance,,NPK_Disturbance,No
,,,,,,,,,,,,,,,
7,1,8,9,8.5,8.5,12:07,1.58,0.29,25.96,0,6/23/23,Control,,Control,No
,,,,,,,,,,,,,,,
7,2,8,9,8.5,8.5,12:09,1.64,0.29,26.11,0,6/23/23,Control,,Control,No
,,,,,,,,,,,,,,,
7,3,8,9,8.5,8.5,11:51,0.29,0.29,26.56,0,6/23/23,Control,,Control,No
,,,,,,,,,,,,,,,
8,1,8,8.5,7,7.8,12:16,3.097,0.28,30.44,0,6/23/23,Disturbance,,Disturbance,No
,,,,,,,,,,,,,,,
8,2,8,8.5,7,7.8,12:17,2.761,0.28,30.01,0,6/23/23,Disturbance,,Disturbance,No
,,,,,,,,,,,,,,,
8,3,8,8.5,7,7.8,12:19,2.593,0.28,29.84,0,6/23/23,Disturbance,,Disturbance,No
,,,,,,,,,,,,,,,
9,1,5,8,8.5,7.2,12:22,1.389,0.21,27.85,0,6/23/23,NPK_Cessation,,NPK ,No
,,,,,,,,,,,,,,,
9,2,5,8,8.5,7.2,12:23,1.308,0.21,27.71,0,6/23/23,NPK_Cessation,,NPK ,No
,,,,,,,,,,,,,,,
9,3,5,8,8.5,7.2,12:25,1.404,0.21,27.7,0,6/23/23,NPK_Cessation,,NPK ,No
,,,,,,,,,,,,,,,
10,1,7,8,8,7.7,12:30,2.003,0.19,29.49,0,6/23/23,NPK ,,NPK ,No
,,,,,,,,,,,,,,,
10,2,7,8,8,7.7,12:31,1.971,0.19,29.52,0,6/23/23,NPK ,,NPK ,No
,,,,,,,,,,,,,,,
10,3,7,8,8,7.7,12:32,1.791,0.19,29.61,0,6/23/23,NPK ,,NPK ,No
,,,,,,,,,,,,,,,
11,1,6,7.5,9,7.5,12:37,2.887,0.13,30.96,0,6/23/23,NPK_Cessation,,NPK ,No
,,,,,,,,,,,,,,,
11,2,6,7.5,9,7.5,12:38,2.882,0.12,30.96,0,6/23/23,NPK_Cessation,,NPK ,No
,,,,,,,,,,,,,,,
11,3,6,7.5,9,7.5,12:40,2.868,0.13,31.07,0,6/23/23,NPK_Cessation,,NPK ,No
,,,,,,,,,,,,,,,
12,1,7,8,9,8,12:46,3.345,0.19,31.33,0,6/23/23,Disturbance,,Disturbance,No
,,,,,,,,,,,,,,,
12,2,7,8,9,8,12:48,2.813,0.19,31.04,0,6/23/23,Disturbance,,Disturbance,No
,,,,,,,,,,,,,,,
12,3,7,8,9,8,12:49,2.636,0.19,31.01,0,6/23/23,Disturbance,,Disturbance,No
,,,,,,,,,,,,,,,
13,1,5,6,7.5,6.2,12:54,2.926,0.24,30.19,0,6/23/23,NPK_Disturbance,,NPK_Disturbance,No
,,,,,,,,,,,,,,,
13,2,5,6,7.5,6.2,12:55,2.759,0.24,30.22,0,6/23/23,NPK_Disturbance,,NPK_Disturbance,No
,,,,,,,,,,,,,,,
13,3,5,6,7.5,6.2,12:56,2.739,0.24,30,0,6/23/23,NPK_Disturbance,,NPK_Disturbance,No
,,,,,,,,,,,,,,,
14,1,7,6.5,8.5,7.3,13:09,0.91,0.16,30.49,0,6/23/23,NPK ,,NPK ,No
,,,,,,,,,,,,,,,
14,2,7,6.5,8.5,7.3,13:11,0.882,0.16,31.04,0,6/23/23,NPK ,,NPK ,No
,,,,,,,,,,,,,,,
14,3,7,6.5,8.5,7.3,13:12,0.818,0.16,30.97,0,6/23/23,NPK ,,NPK ,No
,,,,,,,,,,,,,,,
15,1,6.5,7,8.5,7.3,13:18,1.375,0.25,32.11,0.01,6/23/23,Control,,Control,No
,,,,,,,,,,,,,,,
15,2,6.5,7,8.5,7.3,13:19,1.371,0.25,32.14,0.01,6/23/23,Control,,Control,No
,,,,,,,,,,,,,,,
15,3,6.5,7,8.5,7.3,13:21,1.344,0.25,32.14,0,6/23/23,Control,,Control,No
,,,,,,,,,,,,,,,
16,1,6.5,7,7.5,7,13:25,2.174,0.17,32.86,0,6/23/23,Control,,Control,No
,,,,,,,,,,,,,,,
16,2,6.5,7,7.5,7,13:27,2.193,0.17,32.81,0,6/23/23,Control,,Control,No
,,,,,,,,,,,,,,,
16,3,6.5,7,7.5,7,13:28,2.201,0.17,32.53,0,6/23/23,Control,,Control,No
,,,,,,,,,,,,,,,
17,1,8,6.5,8,7.5,13:35,3.752,0.16,30.77,0,6/23/23,NPK ,,NPK ,No
,,,,,,,,,,,,,,,
17,2,8,6.5,8,7.5,13:36,3.383,0.16,30.75,0,6/23/23,NPK ,,NPK ,No
,,,,,,,,,,,,,,,
17,3,8,6.5,8,7.5,13:38,3.47,0.16,30.81,0,6/23/23,NPK ,,NPK ,No
,,,,,,,,,,,,,,,
18,1,2,7.5,6,5.2,13:42,2.373,0.25,33.29,0.01,6/23/23,NPK_Disturbance,,NPK_Disturbance,No
,,,,,,,,,,,,,,,
18,2,2,7.5,6,5.2,13:44,2.319,0.25,32.92,0.01,6/23/23,NPK_Disturbance,,NPK_Disturbance,No
,,,,,,,,,,,,,,,
18,3,2,7.5,6,5.2,13:45,2.32,0.25,32.6,0.01,6/23/23,NPK_Disturbance,,NPK_Disturbance,No
,,,,,,,,,,,,,,,
19,1,7,9,9.5,8.5,13:51,1.774,0.21,29.76,0,6/23/23,NPK_Cessation,,NPK ,No
,,,,,,,,,,,,,,,
19,2,7,9,9.5,8.5,13:52,1.806,0.21,29.88,0,6/23/23,NPK_Cessation,,NPK ,No
,,,,,,,,,,,,,,,
19,3,7,9,9.5,8.5,13:54,1.795,0.21,30.01,0,6/23/23,NPK_Cessation,,NPK ,No
,,,,,,,,,,,,,,,
20,1,6,6,7.5,6.5,13:58,4.482,0.32,32.66,0.01,6/23/23,Disturbance,,Disturbance,No
,,,,,,,,,,,,,,,
20,2,6,6,7.5,6.5,14:00,4.227,0.33,32.51,0.01,6/23/23,Disturbance,,Disturbance,No
,,,,,,,,,,,,,,,
20,3,6,6,7.5,6.5,14:01,4.232,0.33,32.51,0.01,6/23/23,Disturbance,,Disturbance,No
,,,,,,,,,,,,,,,
21,1,5.5,7,5,5.8,14:09,2.511,0.35,30.53,0.01,6/23/23,NPK_Disturbance,,NPK_Disturbance,No
,,,,,,,,,,,,,,,
21,2,5.5,7,5,5.8,14:10,2.412,0.35,30.45,0.01,6/23/23,NPK_Disturbance,,NPK_Disturbance,No
,,,,,,,,,,,,,,,
21,3,5.5,7,5,5.8,14:12,2.383,0.35,30.3,0.01,6/23/23,NPK_Disturbance,,NPK_Disturbance,No
,,,,,,,,,,,,,,,
22,1,6.5,7.5,6.5,6.8,14:17,4.099,0.1,32.32,0,6/23/23,Control,,Control,No
,,,,,,,,,,,,,,,
22,2,6.5,7.5,6.5,6.8,14:19,3.776,0.1,32.5,0,6/23/23,Control,,Control,No
,,,,,,,,,,,,,,,
22,3,6.5,7.5,6.5,6.8,14:20,3.683,0.1,32.59,0,6/23/23,Control,,Control,No
,,,,,,,,,,,,,,,
23,1,7.5,5,7,6.5,14:25,3.842,0.21,31.83,0,6/23/23,Disturbance,,Disturbance,No
,,,,,,,,,,,,,,,
23,2,7.5,5,7,6.5,14:26,3.622,0.21,31.96,0,6/23/23,Disturbance,,Disturbance,No
,,,,,,,,,,,,,,,
23,3,7.5,5,7,6.5,14:28,3.623,0.21,32.11,0,6/23/23,Disturbance,,Disturbance,No
,,,,,,,,,,,,,,,
24,1,6.5,8.5,7.5,7.5,14:35,2.322,0.31,32.47,0.01,6/23/23,NPK ,,NPK ,No
,,,,,,,,,,,,,,,
24,2,6.5,8.5,7.5,7.5,14:36,2.244,0.31,32.58,0.01,6/23/23,NPK ,,NPK ,No
,,,,,,,,,,,,,,,
24,3,6.5,8.5,7.5,7.5,14:38,2.132,0.31,32.78,0.01,6/23/23,NPK ,,NPK ,No
,,,,,,,,,,,,,,,
25,1,8,8,10.5,8.8,14:42,2.818,0.28,31.93,0,6/23/23,NPK_Cessation,,NPK ,No
,,,,,,,,,,,,,,,
25,2,8,8,10.5,8.8,14:43,2.707,0.28,31.64,0,6/23/23,NPK_Cessation,,NPK ,No
,,,,,,,,,,,,,,,
25,3,8,8,10.5,8.8,14:45,2.836,0.28,31.6,0,6/23/23,NPK_Cessation,,NPK ,No
,,,,,,,,,,,,,,,
1,1,7,7,7,7,11:42,3.162,0,34.2,0,7/6/23,Disturbance,,Disturbance,No
,,,,,,,,,,,,,,,
1,2,7,7,7,7,11:43,3.097,0,34.2,0,7/6/23,Disturbance,,Disturbance,No
,,,,,,,,,,,,,,,
1,3,7,7,7,7,11:45,3.017,0,34.6,0,7/6/23,Disturbance,,Disturbance,No
,,,,,,,,,,,,,,,
2,1,5,8.5,8.5,7.3,11:35,2.901,0.07,34.2,0,7/6/23,NPK_Cessation,,NPK ,No
,,,,,,,,,,,,,,,
2,2,5,8.5,8.5,7.3,11:37,2.701,0.07,34.2,0,7/6/23,NPK_Cessation,,NPK ,No
,,,,,,,,,,,,,,,
2,3,5,8.5,8.5,7.3,11:38,2.71,0.07,34.2,0,7/6/23,NPK_Cessation,,NPK ,No
,,,,,,,,,,,,,,,
3,1,4,7,6,5.7,11:28,4.599,0.01,34.6,0,7/6/23,NPK ,,NPK ,No
,,,,,,,,,,,,,,,
3,2,4,7,6,5.7,11:30,4.731,0,34.2,0,7/6/23,NPK ,,NPK ,No
,,,,,,,,,,,,,,,
3,3,4,7,6,5.7,11:32,4.423,0,34.2,0,7/6/23,NPK ,,NPK ,No
,,,,,,,,,,,,,,,
4,1,7,7,8,7.3,11:20,2.459,0.05,34.6,0,7/6/23,Control,,Control,No
,,,,,,,,,,,,,,,
4,2,7,7,8,7.3,11:22,2.436,0.06,34.6,0,7/6/23,Control,,Control,No
,,,,,,,,,,,,,,,
4,3,7,7,8,7.3,11:23,2.51,0.06,34.6,0,7/6/23,Control,,Control,No
,,,,,,,,,,,,,,,
5,1,6.5,6.5,7.5,6.8,11:14,4.389,0.09,35.7,0,7/6/23,NPK_Disturbance,,NPK_Disturbance,No
,,,,,,,,,,,,,,,
5,2,6.5,6.5,7.5,6.8,11:15,4.133,0.09,35.7,0,7/6/23,NPK_Disturbance,,NPK_Disturbance,No
,,,,,,,,,,,,,,,
5,3,6.5,6.5,7.5,6.8,11:16,4.199,0.09,35.3,0,7/6/23,NPK_Disturbance,,NPK_Disturbance,No
,,,,,,,,,,,,,,,
6,1,5.5,6.5,5,5.7,8:34,3.421,0,25.6,0,7/6/23,NPK_Disturbance,,NPK_Disturbance,No
,,,,,,,,,,,,,,,
6,2,5.5,6.5,5,5.7,8:36,3.359,0,25.6,0,7/6/23,NPK_Disturbance,,NPK_Disturbance,No
,,,,,,,,,,,,,,,
6,3,5.5,6.5,5,5.7,8:37,3.523,0,25.6,0,7/6/23,NPK_Disturbance,,NPK_Disturbance,No
,,,,,,,,,,,,,,,
7,1,8,9,8,8.3,8:26,4.01,0.1,25.6,0.01,7/6/23,Control,,Control,No
,,,,,,,,,,,,,,,
7,2,8,9,8,8.3,8:28,3.944,0.09,25.6,0.01,7/6/23,Control,,Control,No
,,,,,,,,,,,,,,,
7,3,8,9,8,8.3,8:29,4.001,0.09,25.6,0.01,7/6/23,Control,,Control,No
,,,,,,,,,,,,,,,
8,1,6,8,6,6.7,8:18,2.323,0,25.1,0,7/6/23,Disturbance,,Disturbance,No
,,,,,,,,,,,,,,,
8,2,6,8,6,6.7,8:19,2.329,0,25.1,0,7/6/23,Disturbance,,Disturbance,No
,,,,,,,,,,,,,,,
8,3,6,8,6,6.7,8:20,2.166,0,25.4,0,7/6/23,Disturbance,,Disturbance,No
,,,,,,,,,,,,,,,
9,1,5,10,7,7.3,8:09,2.571,0.05,24.4,0,7/6/23,NPK_Cessation,,NPK ,No
,,,,,,,,,,,,,,,
9,2,5,10,7,7.3,8:11,2.629,0.05,24.7,0,7/6/23,NPK_Cessation,,NPK ,No
,,,,,,,,,,,,,,,
9,3,5,10,7,7.3,8:12,2.881,0.04,24.7,0,7/6/23,NPK_Cessation,,NPK ,No
,,,,,,,,,,,,,,,
10,1,7,9.5,7.5,8,8:02,3.673,0.01,23.9,0,7/6/23,NPK ,,NPK ,No
,,,,,,,,,,,,,,,
10,2,7,9.5,7.5,8,8:03,3.833,0.01,24.2,0,7/6/23,NPK ,,NPK ,No
,,,,,,,,,,,,,,,
10,3,7,9.5,7.5,8,8:04,3.316,0.01,24.2,0,7/6/23,NPK ,,NPK ,No
,,,,,,,,,,,,,,,
11,1,6,7.5,9.5,7.7,7:52,3.708,0.14,23.9,0.01,7/6/23,NPK_Cessation,,NPK ,No
,,,,,,,,,,,,,,,
11,2,6,7.5,9.5,7.7,7:53,3.837,0.13,23.9,0.01,7/6/23,NPK_Cessation,,NPK ,No
,,,,,,,,,,,,,,,
11,3,6,7.5,9.5,7.7,7:54,3.646,0.13,23.9,0.01,7/6/23,NPK_Cessation,,NPK ,No
,,,,,,,,,,,,,,,
12,1,8,6.5,7.5,7.3,7:45,2.263,0.05,23.5,0,7/6/23,Disturbance,,Disturbance,No
,,,,,,,,,,,,,,,
12,2,8,6.5,7.5,7.3,7:46,1.617,0.05,23.5,0,7/6/23,Disturbance,,Disturbance,No
,,,,,,,,,,,,,,,
12,3,8,6.5,7.5,7.3,7:47,1.645,0.04,23.7,0,7/6/23,Disturbance,,Disturbance,No
,,,,,,,,,,,,,,,
13,1,5,5.5,7,5.8,7:35,3.146,0.03,23.1,0,7/6/23,NPK_Disturbance,,NPK_Disturbance,No
,,,,,,,,,,,,,,,
13,2,5,5.5,7,5.8,7:37,3.058,0.03,23,0,7/6/23,NPK_Disturbance,,NPK_Disturbance,No
,,,,,,,,,,,,,,,
13,3,5,5.5,7,5.8,7:38,2.857,0.03,23,0,7/6/23,NPK_Disturbance,,NPK_Disturbance,No
,,,,,,,,,,,,,,,
14,1,7.5,6,9.5,7.7,11:51,2.438,0,35.3,0,7/6/23,NPK ,,NPK ,No
,,,,,,,,,,,,,,,
14,2,7.5,6,9.5,7.7,11:52,2.599,0,35.3,0,7/6/23,NPK ,,NPK ,No
,,,,,,,,,,,,,,,
14,3,7.5,6,9.5,7.7,11:53,2.303,0,35.3,0,7/6/23,NPK ,,NPK ,No
,,,,,,,,,,,,,,,
15,1,6.5,7.5,7.5,7.2,11:58,2.292,0.01,35.3,0,7/6/23,Control,,Control,No
,,,,,,,,,,,,,,,
15,2,6.5,7.5,7.5,7.2,11:59,2.228,0.01,35.3,0,7/6/23,Control,,Control,No
,,,,,,,,,,,,,,,
15,3,6.5,7.5,7.5,7.2,12:01,2.302,0.01,34.9,0,7/6/23,Control,,Control,No
,,,,,,,,,,,,,,,
16,1,6,7,8.5,7.2,12:05,3.822,0,34.9,0,7/6/23,Control,,Control,No
,,,,,,,,,,,,,,,
16,2,6,7,8.5,7.2,12:07,3.487,0,35.3,0,7/6/23,Control,,Control,No
,,,,,,,,,,,,,,,
16,3,6,7,8.5,7.2,12:08,3.45,0,35.7,0,7/6/23,Control,,Control,No
,,,,,,,,,,,,,,,
17,1,8,6.5,7,7.2,12:12,5.662,0,35.7,0,7/6/23,NPK ,,NPK ,No
,,,,,,,,,,,,,,,
17,2,8,6.5,7,7.2,12:14,4.718,0,35.7,0,7/6/23,NPK ,,NPK ,No
,,,,,,,,,,,,,,,
17,3,8,6.5,7,7.2,12:15,5.074,0,35.7,0,7/6/23,NPK ,,NPK ,No
,,,,,,,,,,,,,,,
18,1,4.5,5,6,4.8,12:21,3.472,0.07,36.1,0,7/6/23,NPK_Disturbance,,NPK_Disturbance,No
,,,,,,,,,,,,,,,
18,2,4.5,5,6,4.8,12:22,3.333,0.07,36.1,0,7/6/23,NPK_Disturbance,,NPK_Disturbance,No
,,,,,,,,,,,,,,,
18,3,4.5,5,6,4.8,12:24,3.556,0.07,36.1,0,7/6/23,NPK_Disturbance,,NPK_Disturbance,No
,,,,,,,,,,,,,,,
19,1,6.5,7,9,7.5,12:40,3.055,0.03,36.9,0,7/6/23,NPK_Cessation,,NPK ,No
,,,,,,,,,,,,,,,
19,2,6.5,7,9,7.5,12:42,2.73,0.03,36.9,0,7/6/23,NPK_Cessation,,NPK ,No
,,,,,,,,,,,,,,,
19,3,6.5,7,9,7.5,,2.723,0.03,36.9,0,7/6/23,NPK_Cessation,,NPK ,No
,,,,,,,,,,,,,,,
20,1,4.5,5.5,6,5.3,12:47,5.205,0.02,36.5,0,7/6/23,Disturbance,,Disturbance,No
,,,,,,,,,,,,,,,
20,2,4.5,5.5,6,5.3,,4.756,0.03,37.4,0,7/6/23,Disturbance,,Disturbance,No
,,,,,,,,,,,,,,,
20,3,4.5,5.5,6,5.3,,4.735,0.03,37.4,0,7/6/23,Disturbance,,Disturbance,No
,,,,,,,,,,,,,,,
21,1,5.5,5.5,7,6,12:54,4.908,0.13,37.4,0,7/6/23,NPK_Disturbance,,NPK_Disturbance,No
,,,,,,,,,,,,,,,
21,2,5.5,5.5,7,6,12:56,4.542,0.13,37.4,0,7/6/23,NPK_Disturbance,,NPK_Disturbance,No
,,,,,,,,,,,,,,,
21,3,5.5,5.5,7,6,12:57,4.859,0.13,37.4,0,7/6/23,NPK_Disturbance,,NPK_Disturbance,No
,,,,,,,,,,,,,,,
22,1,7,5,7,6.3,12:59,5.774,0,37.4,0,7/6/23,Control,,Control,No
,,,,,,,,,,,,,,,
22,2,7,5,7,6.3,1:03,5.822,0,37.4,0,7/6/23,Control,,Control,No
,,,,,,,,,,,,,,,
22,3,7,5,7,6.3,1:04,5.77,0,37.4,0,7/6/23,Control,,Control,No
,,,,,,,,,,,,,,,
23,1,5,7,6,6,1:07,4.287,0.01,38.2,0,7/6/23,Disturbance,,Disturbance,No
,,,,,,,,,,,,,,,
23,2,5,7,6,6,1:08,4.345,0.01,38.7,0,7/6/23,Disturbance,,Disturbance,No
,,,,,,,,,,,,,,,
23,3,5,7,6,6,1:09,4.145,0,38.7,0,7/6/23,Disturbance,,Disturbance,No
,,,,,,,,,,,,,,,
24,1,7,9,7,7.6,1:19,4.491,0.15,38.2,0,7/6/23,NPK ,,NPK ,No
,,,,,,,,,,,,,,,
24,2,7,9,7,7.6,,4.457,0.15,37.8,0,7/6/23,NPK ,,NPK ,No
,,,,,,,,,,,,,,,
24,3,7,9,7,7.6,,4.301,,,0,7/6/23,NPK ,,NPK ,No
,,,,,,,,,,,,,,,
25,1,7,7.5,8,7.5,1:24,4.943,0.11,37.48,0.01,7/6/23,NPK_Cessation,,NPK ,No
,,,,,,,,,,,,,,,
25,2,7,7.5,8,7.5,1:26,4.875,0.11,37.48,0.01,7/6/23,NPK_Cessation,,NPK ,No
,,,,,,,,,,,,,,,
25,3,7,7.5,8,7.5,1:27,4.579,0.11,37.48,0.01,7/6/23,NPK_Cessation,,NPK ,No
,,,,,,,,,,,,,,,
1,1,7,7.5,5,6.5,9:23,2.249,0.1,29.37,0,8/5/23,Disturbance,,Disturbance,No
,,,,,,,,,,,,,,,
1,2,7,7.5,5,6.5,9:25,2.116,0.1,29.44,0,8/5/23,Disturbance,,Disturbance,No
,,,,,,,,,,,,,,,
1,3,7,7.5,5,6.5,9:26,2.102,0.11,29.56,0,8/5/23,Disturbance,,Disturbance,No
,,,,,,,,,,,,,,,
2,1,9,7,5,7,9:31,2.294,0,27.44,0,8/5/23,NPK_Cessation,,NPK ,No
,,,,,,,,,,,,,,,
2,2,9,7,5,7,9:33,1.966,0,27.56,0,8/5/23,NPK_Cessation,,NPK ,No
,,,,,,,,,,,,,,,
2,3,9,7,5,7,9:34,2.041,0,27.35,0,8/5/23,NPK_Cessation,,NPK ,No
,,,,,,,,,,,,,,,
3,1,4.5,8,7,6.5,9:44,3.975,0,27.98,0,8/5/23,NPK ,,NPK ,No
,,,,,,,,,,,,,,,
3,2,4.5,8,7,6.5,9:45,3.553,0.08,27.96,0,8/5/23,NPK ,,NPK ,No
,,,,,,,,,,,,,,,
3,3,4.5,8,7,6.5,9:47,3.864,0.09,28.01,0,8/5/23,NPK ,,NPK ,No
,,,,,,,,,,,,,,,
4,1,6.5,7,8,7.2,9:59,2.105,0,29.31,0,8/5/23,Control,,Control,No
,,,,,,,,,,,,,,,
4,2,6.5,7,8,7.2,10:00,2.059,0,29.33,0,8/5/23,Control,,Control,No
,,,,,,,,,,,,,,,
4,3,6.5,7,8,7.2,10:01,2.28,0,29.42,0,8/5/23,Control,,Control,No
,,,,,,,,,,,,,,,
5,1,7,5,6.5,6.2,10:07,4.304,0.04,31.96,0,8/5/23,NPK_Disturbance,,NPK_Disturbance,No
,,,,,,,,,,,,,,,
5,2,7,5,6.5,6.2,10:08,4.336,0.04,31.51,0,8/5/23,NPK_Disturbance,,NPK_Disturbance,No
,,,,,,,,,,,,,,,
5,3,7,5,6.5,6.2,10:10,4.116,0.04,31.69,0,8/5/23,NPK_Disturbance,,NPK_Disturbance,No
,,,,,,,,,,,,,,,
6,1,7,8,7,7.3,10:19,3.288,0.07,33.55,0,8/5/23,NPK_Disturbance,,NPK_Disturbance,No
,,,,,,,,,,,,,,,
6,2,7,8,7,7.3,10:21,3.632,0.08,32.96,0,8/5/23,NPK_Disturbance,,NPK_Disturbance,No
,,,,,,,,,,,,,,,
6,3,7,8,7,7.3,10:22,3.064,0.08,33.4,0,8/5/23,NPK_Disturbance,,NPK_Disturbance,No
,,,,,,,,,,,,,,,
7,1,7.5,8,7.5,7.7,10:34,3.985,0.08,31.77,0,8/5/23,Control,,Control,No
,,,,,,,,,,,,,,,
7,2,7.5,8,7.5,7.7,10:35,4.081,0.08,31.75,0,8/5/23,Control,,Control,No
,,,,,,,,,,,,,,,
7,3,7.5,8,7.5,7.7,10:37,3.838,0.08,31.77,0,8/5/23,Control,,Control,No
,,,,,,,,,,,,,,,
8,1,6.5,7,5,6.2,10:42,5.389,0.12,34.25,0,8/5/23,Disturbance,,Disturbance,No
,,,,,,,,,,,,,,,
8,2,6.5,7,5,6.2,10:43,5.134,0.12,34.07,0,8/5/23,Disturbance,,Disturbance,No
,,,,,,,,,,,,,,,
8,3,6.5,7,5,6.2,10:45,4.904,0.12,34.03,0,8/5/23,Disturbance,,Disturbance,No
,,,,,,,,,,,,,,,
9,1,4.5,5.5,10,6.7,10:50,3.206,0,32.59,0,8/5/23,NPK_Cessation,,NPK ,No
,,,,,,,,,,,,,,,
9,2,4.5,5.5,10,6.7,10:51,2.739,0,32.5,0,8/5/23,NPK_Cessation,,NPK ,No
,,,,,,,,,,,,,,,
9,3,4.5,5.5,10,6.7,10:53,2.916,0,32.42,0,8/5/23,NPK_Cessation,,NPK ,No
,,,,,,,,,,,,,,,
10,1,7,8,7.5,7.5,10:58,3.18,0,31.89,0,8/5/23,NPK ,,NPK ,No
,,,,,,,,,,,,,,,
10,2,7,8,7.5,7.5,10:59,3.104,0,31.83,0,8/5/23,NPK ,,NPK ,No
,,,,,,,,,,,,,,,
10,3,7,8,7.5,7.5,11:00,3.074,0,33.52,0,8/5/23,NPK ,,NPK ,No
,,,,,,,,,,,,,,,
11,1,6,10,8,8,11:05,3.404,0,33.74,0,8/5/23,NPK_Cessation,,NPK ,No
,,,,,,,,,,,,,,,
11,2,6,10,8,8,11:07,3.468,0,33.71,0,8/5/23,NPK_Cessation,,NPK ,No
,,,,,,,,,,,,,,,
11,3,6,10,8,8,11:08,3.251,0,33.52,0,8/5/23,NPK_Cessation,,NPK ,No
,,,,,,,,,,,,,,,
12,1,7,8,7.5,7.5,11:13,3.076,0.21,35.28,0.01,8/5/23,Disturbance,,Disturbance,No
,,,,,,,,,,,,,,,
12,2,7,8,7.5,7.5,11:14,3.075,0.2,35.28,0.01,8/5/23,Disturbance,,Disturbance,No
,,,,,,,,,,,,,,,
12,3,7,8,7.5,7.5,11:16,3.188,0.21,35.22,0.01,8/5/23,Disturbance,,Disturbance,No
,,,,,,,,,,,,,,,
13,1,9,8,7.5,8.2,11:20,3.421,0,35.72,0,8/5/23,NPK_Disturbance,,NPK_Disturbance,No
,,,,,,,,,,,,,,,
13,2,9,8,7.5,8.2,11:22,3.252,0,35.06,0,8/5/23,NPK_Disturbance,,NPK_Disturbance,No
,,,,,,,,,,,,,,,
13,3,9,8,7.5,8.2,11:23,3.125,0,35.39,0,8/5/23,NPK_Disturbance,,NPK_Disturbance,No
,,,,,,,,,,,,,,,
14,1,7,6,8,7,12:06,1.585,0,35.93,0,8/5/23,NPK ,,NPK ,No
,,,,,,,,,,,,,,,
14,2,7,6,8,7,12:08,1.458,0,36.03,0,8/5/23,NPK ,,NPK ,No
,,,,,,,,,,,,,,,
14,3,7,6,8,7,12:09,1.404,0,36.06,0,8/5/23,NPK ,,NPK ,No
,,,,,,,,,,,,,,,
15,1,7,8,8,7.7,12:20,2.679,0.11,37.68,0,8/5/23,Control,,Control,No
,,,,,,,,,,,,,,,
15,2,7,8,8,7.7,12:21,2.583,0.11,37.38,0,8/5/23,Control,,Control,No
,,,,,,,,,,,,,,,
15,3,7,8,8,7.7,12:22,2.289,0.11,37.06,0,8/5/23,Control,,Control,No
,,,,,,,,,,,,,,,
16,1,7.5,5.5,7.5,6.8,12:27,3.972,0.01,37.59,0,8/5/23,Control,,Control,No
,,,,,,,,,,,,,,,
16,2,7.5,5.5,7.5,6.8,12:28,3.995,0.01,37.39,0,8/5/23,Control,,Control,No
,,,,,,,,,,,,,,,
16,3,7.5,5.5,7.5,6.8,12:30,3.905,0.01,36.74,0,8/5/23,Control,,Control,No
,,,,,,,,,,,,,,,
17,1,7.5,6,7.5,7,12:34,5.517,0,34.22,0,8/5/23,NPK ,,NPK ,No
,,,,,,,,,,,,,,,
17,2,7.5,6,7.5,7,12:36,5.072,0.01,34.36,0,8/5/23,NPK ,,NPK ,No
,,,,,,,,,,,,,,,
17,3,7.5,6,7.5,7,12:37,4.687,0,34.57,0,8/5/23,NPK ,,NPK ,No
,,,,,,,,,,,,,,,
18,1,7.5,6.5,6.5,6.8,12:46,11.284,0.02,37.36,0,8/5/23,NPK_Disturbance,,NPK_Disturbance,No
,,,,,,,,,,,,,,,
18,2,7.5,6.5,6.5,6.8,12:47,9.796,0.02,37.81,0,8/5/23,NPK_Disturbance,,NPK_Disturbance,No
,,,,,,,,,,,,,,,
18,3,7.5,6.5,6.5,6.8,12:49,9.51,0.02,38,0,8/5/23,NPK_Disturbance,,NPK_Disturbance,No
,,,,,,,,,,,,,,,
19,1,6.5,8,9,7.8,12:58,2.718,0.09,37.45,0,8/5/23,NPK_Cessation,,NPK ,No
,,,,,,,,,,,,,,,
19,2,6.5,8,9,7.8,12:59,2.508,0.09,37.16,0,8/5/23,NPK_Cessation,,NPK ,No
,,,,,,,,,,,,,,,
19,3,6.5,8,9,7.8,13:01,2.453,0.09,37.11,0,8/5/23,NPK_Cessation,,NPK ,No
,,,,,,,,,,,,,,,
20,1,7.5,6.5,5.5,6.5,13:12,6.315,0.09,39.49,0,8/5/23,Disturbance,,Disturbance,No
,,,,,,,,,,,,,,,
20,2,7.5,6.5,5.5,6.5,13:13,6.392,0.09,39.48,0,8/5/23,Disturbance,,Disturbance,No
,,,,,,,,,,,,,,,
20,3,7.5,6.5,5.5,6.5,13:15,6.173,0.09,39.15,0,8/5/23,Disturbance,,Disturbance,No
,,,,,,,,,,,,,,,
21,1,6.5,6.5,5,6,13:19,7.911,0.26,37.73,0.01,8/5/23,NPK_Disturbance,,NPK_Disturbance,No
,,,,,,,,,,,,,,,
21,2,6.5,6.5,5,6,13:20,7.798,0.25,38.19,0.01,8/5/23,NPK_Disturbance,,NPK_Disturbance,No
,,,,,,,,,,,,,,,
21,3,6.5,6.5,5,6,,8.483,0.25,38.06,0.01,8/5/23,NPK_Disturbance,,NPK_Disturbance,No
,,,,,,,,,,,,,,,
22,1,6,6,6.5,6.2,13:27,4.357,0.05,39.66,0,8/5/23,Control,,Control,No
,,,,,,,,,,,,,,,
22,2,6,6,6.5,6.2,13:28,4.35,0.06,39.66,0,8/5/23,Control,,Control,No
,,,,,,,,,,,,,,,
22,3,6,6,6.5,6.2,13:30,4.432,0.06,39.89,0,8/5/23,Control,,Control,No
,,,,,,,,,,,,,,,
23,1,7,7,7.5,7.3,13:33,4.768,0.06,40.47,0,8/5/23,Disturbance,,Disturbance,No
,,,,,,,,,,,,,,,
23,2,7,7,7.5,7.3,13:34,5.627,0.06,40.3,0,8/5/23,Disturbance,,Disturbance,No
,,,,,,,,,,,,,,,
23,3,7,7,7.5,7.3,13:36,4.773,0.06,39.98,0,8/5/23,Disturbance,,Disturbance,No
,,,,,,,,,,,,,,,
24,1,7,9,8,8,13:40,3.885,0,39.61,0,8/5/23,NPK ,,NPK ,No
,,,,,,,,,,,,,,,
24,2,7,9,8,8,13:42,3.614,0,39.9,0,8/5/23,NPK ,,NPK ,No
,,,,,,,,,,,,,,,
24,3,7,9,8,8,13:43,3.618,0,40.29,0,8/5/23,NPK ,,NPK ,No
,,,,,,,,,,,,,,,
25,1,8,9.5,9,8.8,13:46,4.047,0.07,39.93,0,8/5/23,NPK_Cessation,,NPK ,No
,,,,,,,,,,,,,,,
25,2,8,9.5,9,8.8,13:48,3.847,0.07,39.75,0,8/5/23,NPK_Cessation,,NPK ,No
,,,,,,,,,,,,,,,
25,3,8,9.5,9,8.8,13:49,4.074,0.07,39.69,0,8/5/23,NPK_Cessation,,NPK ,No
,,,,,,,,,,,,,,,
1,1,6.5,7.5,5,6.3,11:46,3.826,0.15,36.17,0.01,8/15/23,Disturbance,,Disturbance,Yes
,,,,,,,,,,,,,,,
1,2,6.5,7.5,5,6.3,11:47,3.678,0.15,36.23,0.01,8/15/23,Disturbance,,Disturbance,Yes
,,,,,,,,,,,,,,,
1,3,6.5,7.5,5,6.3,11:48,3.501,0.15,36.21,0.01,8/15/23,Disturbance,,Disturbance,Yes
,,,,,,,,,,,,,,,
2,1,6.5,6.5,8,7,11:39,2.758,0.14,32.57,0,8/15/23,NPK_Cessation,,NPK ,Yes
,,,,,,,,,,,,,,,
2,2,6.5,6.5,8,7,11:40,2.659,0.14,32.74,0,8/15/23,NPK_Cessation,,NPK ,Yes
,,,,,,,,,,,,,,,
2,3,6.5,6.5,8,7,11:41,2.879,0.14,32.66,0,8/15/23,NPK_Cessation,,NPK ,Yes
,,,,,,,,,,,,,,,
3,1,4.5,7,7,6.2,11:32,4.985,0.17,31.96,0,8/15/23,NPK ,,NPK ,Yes
,,,,,,,,,,,,,,,
3,2,4.5,7,7,6.2,11:34,4.839,0.17,31.7,0,8/15/23,NPK ,,NPK ,Yes
,,,,,,,,,,,,,,,
3,3,4.5,7,7,6.2,11:35,4.932,0.17,31.7,0,8/15/23,NPK ,,NPK ,Yes
,,,,,,,,,,,,,,,
4,1,7,7.5,8,7.5,11:24,2.509,0.26,34.27,0,8/15/23,Control,,Control,Yes
,,,,,,,,,,,,,,,
4,2,7,7.5,8,7.5,11:25,2.72,0.26,34.07,0,8/15/23,Control,,Control,Yes
,,,,,,,,,,,,,,,
4,3,7,7.5,8,7.5,11:27,2.749,0.26,34.04,0,8/15/23,Control,,Control,Yes
,,,,,,,,,,,,,,,
5,1,6.5,5.5,5.5,5.8,11:15,15.898,0.19,35.59,0.01,8/15/23,NPK_Disturbance,,NPK_Disturbance,Yes
,,,,,,,,,,,,,,,
5,2,6.5,5.5,5.5,5.8,11:16,13.618,0.2,35.51,0.01,8/15/23,NPK_Disturbance,,NPK_Disturbance,Yes
,,,,,,,,,,,,,,,
5,3,6.5,5.5,5.5,5.8,11:17,12.787,0.19,35.3,0.01,8/15/23,NPK_Disturbance,,NPK_Disturbance,Yes
,,,,,,,,,,,,,,,
6,1,6.5,7,7,6.8,11:08,5.887,0.27,34.99,0.01,8/15/23,NPK_Disturbance,,NPK_Disturbance,Yes
,,,,,,,,,,,,,,,
6,2,6.5,7,7,6.8,11:09,5.16,0.27,34.94,0.01,8/15/23,NPK_Disturbance,,NPK_Disturbance,Yes
,,,,,,,,,,,,,,,
6,3,6.5,7,7,6.8,11:10,5.006,0.28,34.91,0.01,8/15/23,NPK_Disturbance,,NPK_Disturbance,Yes
,,,,,,,,,,,,,,,
7,1,7.5,8.5,8,8,11:01,3.575,0.18,33.02,0,8/15/23,Control,,Control,Yes
,,,,,,,,,,,,,,,
7,2,7.5,8.5,8,8,11:02,3.464,0.18,32.82,0,8/15/23,Control,,Control,Yes
,,,,,,,,,,,,,,,
7,3,7.5,8.5,8,8,11:03,3.54,0.18,32.82,0,8/15/23,Control,,Control,Yes
,,,,,,,,,,,,,,,
8,1,5.5,7,5.5,6,10:54,5.266,0.21,34.43,0.01,8/15/23,Disturbance,,Disturbance,Yes
,,,,,,,,,,,,,,,
8,2,5.5,7,5.5,6,10:55,5.426,0.22,34.63,0.01,8/15/23,Disturbance,,Disturbance,Yes
,,,,,,,,,,,,,,,
8,3,5.5,7,5.5,6,10:56,4.643,0.22,34.57,0.01,8/15/23,Disturbance,,Disturbance,Yes
,,,,,,,,,,,,,,,
9,1,5,7.5,8,6.8,10:48,3.257,0.1,30.85,0.01,8/15/23,NPK_Cessation,,NPK ,Yes
,,,,,,,,,,,,,,,
9,2,5,7.5,8,6.8,10:49,3.202,0.11,30.54,0.01,8/15/23,NPK_Cessation,,NPK ,Yes
,,,,,,,,,,,,,,,
9,3,5,7.5,8,6.8,10:50,3.249,0.1,30.37,0.01,8/15/23,NPK_Cessation,,NPK ,Yes
,,,,,,,,,,,,,,,
10,1,7,9,8.5,8.2,10:38,4.352,0.23,30.2,0.01,8/15/23,NPK ,,NPK ,Yes
,,,,,,,,,,,,,,,
10,2,7,9,8.5,8.2,10:40,4.275,0.23,30.23,0.01,8/15/23,NPK ,,NPK ,Yes
,,,,,,,,,,,,,,,
10,3,7,9,8.5,8.2,10:41,4.217,0.23,30.18,0.01,8/15/23,NPK ,,NPK ,Yes
,,,,,,,,,,,,,,,
11,1,6,8,7,7,10:30,3.573,0.26,31.65,0.02,8/15/23,NPK_Cessation,,NPK ,Yes
,,,,,,,,,,,,,,,
11,2,6,8,7,7,10:31,3.419,0.27,31.49,0.02,8/15/23,NPK_Cessation,,NPK ,Yes
,,,,,,,,,,,,,,,
11,3,6,8,7,7,10:33,3.426,0.26,31.5,0.02,8/15/23,NPK_Cessation,,NPK ,Yes
,,,,,,,,,,,,,,,
12,1,7.5,7.5,7.5,7.5,10:23,4.491,0.29,33.09,0.01,8/15/23,Disturbance,,Disturbance,Yes
,,,,,,,,,,,,,,,
12,2,7.5,7.5,7.5,7.5,10:24,4.299,0.29,33.21,0.01,8/15/23,Disturbance,,Disturbance,Yes
,,,,,,,,,,,,,,,
12,3,7.5,7.5,7.5,7.5,10:25,4.182,0.29,33.18,0.01,8/15/23,Disturbance,,Disturbance,Yes
,,,,,,,,,,,,,,,
13,1,8,9,8,8.3,10:14,4.538,0.21,31.54,0.01,8/15/23,NPK_Disturbance,,NPK_Disturbance,Yes
,,,,,,,,,,,,,,,
13,2,8,9,8,8.3,10:16,4.338,0.21,31.55,0.01,8/15/23,NPK_Disturbance,,NPK_Disturbance,Yes
,,,,,,,,,,,,,,,
13,3,8,9,8,8.3,10:17,4.045,0.22,31.46,0.01,8/15/23,NPK_Disturbance,,NPK_Disturbance,Yes
,,,,,,,,,,,,,,,
14,1,7,6,8,7,10:07,1.392,0.11,29.87,0.01,8/15/23,NPK ,,NPK ,Yes
,,,,,,,,,,,,,,,
14,2,7,6,8,7,10:09,1.528,0.11,29.7,0.01,8/15/23,NPK ,,NPK ,Yes
,,,,,,,,,,,,,,,
14,3,7,6,8,7,10:10,1.352,0.11,29.61,0.01,8/15/23,NPK ,,NPK ,Yes
,,,,,,,,,,,,,,,
15,1,6.5,8,8,7.5,9:59,2.445,0.26,30.82,0.01,8/15/23,Control,,Control,Yes
,,,,,,,,,,,,,,,
15,2,6.5,8,8,7.5,10:01,2.344,0.26,30.99,0.01,8/15/23,Control,,Control,Yes
,,,,,,,,,,,,,,,
15,3,6.5,8,8,7.5,10:02,2.264,0.26,30.99,0.01,8/15/23,Control,,Control,Yes
,,,,,,,,,,,,,,,
16,1,8,6,6,6.7,9:52,4.339,0.13,28.99,0,8/15/23,Control,,Control,Yes
,,,,,,,,,,,,,,,
16,2,8,6,6,6.7,9:54,4.047,0.13,29.01,0,8/15/23,Control,,Control,Yes
,,,,,,,,,,,,,,,
16,3,8,6,6,6.7,9:55,3.925,0.13,29.03,0,8/15/23,Control,,Control,Yes
,,,,,,,,,,,,,,,
17,1,7,7,8.5,7.5,9:45,6.222,0.23,28.9,0.01,8/15/23,NPK ,,NPK ,Yes
,,,,,,,,,,,,,,,
17,2,7,7,8.5,7.5,9:46,5.772,0.24,28.87,0.01,8/15/23,NPK ,,NPK ,Yes
,,,,,,,,,,,,,,,
17,3,7,7,8.5,7.5,9:48,6.439,0.24,28.86,0.01,8/15/23,NPK ,,NPK ,Yes
,,,,,,,,,,,,,,,
18,1,7,6.5,6.5,6.7,9:38,16.454,0.34,29.95,0.03,8/15/23,NPK_Disturbance,,NPK_Disturbance,Yes
,,,,,,,,,,,,,,,
18,2,7,6.5,6.5,6.7,9:39,14.614,0.34,30.05,0.03,8/15/23,NPK_Disturbance,,NPK_Disturbance,Yes
,,,,,,,,,,,,,,,
18,3,7,6.5,6.5,6.7,9:40,15.281,0.34,30.09,0.03,8/15/23,NPK_Disturbance,,NPK_Disturbance,Yes
,,,,,,,,,,,,,,,
19,1,6.5,8.5,9,8,9:28,3.659,0.27,27.88,0.01,8/15/23,NPK_Cessation,,NPK ,Yes
,,,,,,,,,,,,,,,
19,2,6.5,8.5,9,8,9:29,3.637,0.27,27.74,0.01,8/15/23,NPK_Cessation,,NPK ,Yes
,,,,,,,,,,,,,,,
19,3,6.5,8.5,9,8,9:31,3.041,0.27,27.66,0.01,8/15/23,NPK_Cessation,,NPK ,Yes
,,,,,,,,,,,,,,,
20,1,7,7,5.5,6.5,9:21,4.81,0.32,28.5,0.01,8/15/23,Disturbance,,Disturbance,Yes
,,,,,,,,,,,,,,,
20,2,7,7,5.5,6.5,9:22,4.42,0.32,28.5,0.01,8/15/23,Disturbance,,Disturbance,Yes
,,,,,,,,,,,,,,,
20,3,7,7,5.5,6.5,9:23,4.303,0.32,28.51,0.01,8/15/23,Disturbance,,Disturbance,Yes
,,,,,,,,,,,,,,,
21,1,6.5,6,6,6.2,9:12,10.97,0.3,27.98,0.01,8/15/23,NPK_Disturbance,,NPK_Disturbance,Yes
,,,,,,,,,,,,,,,
21,2,6.5,6,6,6.2,9:14,10.75,0.3,28.06,0.01,8/15/23,NPK_Disturbance,,NPK_Disturbance,Yes
,,,,,,,,,,,,,,,
21,3,6.5,6,6,6.2,9:15,9.626,0.3,28.09,0.01,8/15/23,NPK_Disturbance,,NPK_Disturbance,Yes
,,,,,,,,,,,,,,,
22,1,7.5,6.5,6.5,6.8,9:02,6.39,0.31,26.77,0.01,8/15/23,Control,,Control,Yes
,,,,,,,,,,,,,,,
22,2,7.5,6.5,6.5,6.8,9:03,5.949,0.31,26.72,0.01,8/15/23,Control,,Control,Yes
,,,,,,,,,,,,,,,
22,3,7.5,6.5,6.5,6.8,9:04,5.844,0.31,26.68,0.01,8/15/23,Control,,Control,Yes
,,,,,,,,,,,,,,,
23,1,7.5,6.5,7,7,8:53,1.534,0.27,25.94,0.01,8/15/23,Disturbance,,Disturbance,Yes
,,,,,,,,,,,,,,,
23,2,7.5,6.5,7,7,8:55,1.37,0.27,25.97,0.01,8/15/23,Disturbance,,Disturbance,Yes
,,,,,,,,,,,,,,,
23,3,7.5,6.5,7,7,8:56,1.315,0.27,26.25,0.01,8/15/23,Disturbance,,Disturbance,Yes
,,,,,,,,,,,,,,,
24,1,6.5,9.5,8,8,8:43,3.089,0.36,24.48,0.02,8/15/23,NPK ,,NPK ,Yes
,,,,,,,,,,,,,,,
24,2,6.5,9.5,8,8,8:44,2.858,0.36,24.49,0.02,8/15/23,NPK ,,NPK ,Yes
,,,,,,,,,,,,,,,
24,3,6.5,9.5,8,8,8:45,2.729,0.36,24.54,0.02,8/15/23,NPK ,,NPK ,Yes
,,,,,,,,,,,,,,,
25,1,8,8,10,8.7,8:37,4.934,0.22,24.25,0.01,8/15/23,NPK_Cessation,,NPK ,Yes
,,,,,,,,,,,,,,,
25,2,8,8,10,8.7,8:38,4.207,0.22,24.34,0.01,8/15/23,NPK_Cessation,,NPK ,Yes
,,,,,,,,,,,,,,,
25,3,8,8,10,8.7,8:40,4.454,0.23,24.29,0.01,8/15/23,NPK_Cessation,,NPK ,Yes
,,,,,,,,,,,,,,,
1,1,6,7,5.5,6.16,9:38,1.386,0,26.2,0,9/11/23,Disturbance,Yes,Disturbance,No
,,,,,,,,,,,,,,,
1,2,9,7,5.5,6.16,,1.402,0,26.9,0,9/11/23,Disturbance,Yes,Disturbance,No
,,,,,,,,,,,,,,,
1,3,9,7,5.5,6.16,,1.35,0,26.9,0,9/11/23,Disturbance,Yes,Disturbance,No
,,,,,,,,,,,,,,,
2,1,5.5,8,7,6.83,9:45,1.719,0,28.6,0,9/11/23,NPK_Cessation,No,NPK ,No
,,,,,,,,,,,,,,,
2,2,5.5,8,7,6.83,,1.607,0,28.6,0,9/11/23,NPK_Cessation,No,NPK ,No
,,,,,,,,,,,,,,,
2,3,5.5,8,7,6.83,,1.387,0,28.6,0,9/11/23,NPK_Cessation,No,NPK ,No
,,,,,,,,,,,,,,,
3,1,4,7,7,6,,1.989,0,28.3,0,9/11/23,NPK ,No,NPK ,No
,,,,,,,,,,,,,,,
3,2,4,7,7,6,,2.015,0,28.3,0,9/11/23,NPK ,No,NPK ,No
,,,,,,,,,,,,,,,
3,3,4,7,7,6,,2.102,0,28.3,0,9/11/23,NPK ,No,NPK ,No
,,,,,,,,,,,,,,,
4,1,6.5,6.5,8,7,10:00,1.673,0,27.8,0,9/11/23,Control,No,Control,No
,,,,,,,,,,,,,,,
4,2,6.5,6.5,8,7,,1.463,0,27.8,0,9/11/23,Control,No,Control,No
,,,,,,,,,,,,,,,
4,3,6.5,6.5,8,7,,1.537,0,27.8,0,9/11/23,Control,No,Control,No
,,,,,,,,,,,,,,,
5,1,6,5.5,6.5,6,10:09,2.677,0,30.4,0,9/11/23,NPK_Disturbance,No,NPK_Disturbance,No
,,,,,,,,,,,,,,,
5,2,6,5.5,6.5,6,,2.736,0,30.4,0,9/11/23,NPK_Disturbance,No,NPK_Disturbance,No
,,,,,,,,,,,,,,,
5,3,6,5.5,6.5,6,,2.555,0,30.4,0,9/11/23,NPK_Disturbance,No,NPK_Disturbance,No
,,,,,,,,,,,,,,,
6,1,7,7,7,7,10:16,4.121,0,29.3,0,9/11/23,NPK_Disturbance,No,NPK_Disturbance,No
,,,,,,,,,,,,,,,
6,2,7,7,7,7,,3.225,0,29.3,0,9/11/23,NPK_Disturbance,No,NPK_Disturbance,No
,,,,,,,,,,,,,,,
6,3,7,7,7,7,,2.744,0,29.3,0,9/11/23,NPK_Disturbance,No,NPK_Disturbance,No
,,,,,,,,,,,,,,,
7,1,7,8.5,7.5,7.5,10:38,2.454,0.01,30.7,0,9/11/23,Control,No,Control,No
,,,,,,,,,,,,,,,
7,2,7,8.5,7.5,7.5,,2.152,0.01,30.7,0,9/11/23,Control,No,Control,No
,,,,,,,,,,,,,,,
7,3,7,8.5,7.5,7.5,,2.077,0.01,30.7,0,9/11/23,Control,No,Control,No
,,,,,,,,,,,,,,,
8,1,6,6,5.5,5.83,10:50,2.292,0,32.7,0,9/11/23,Disturbance,No,Disturbance,No
,,,,,,,,,,,,,,,
8,2,6,6,5.5,5.83,,2.222,0,33.1,0,9/11/23,Disturbance,No,Disturbance,No
,,,,,,,,,,,,,,,
8,3,6,6,5.5,5.83,,2.18,0,33.4,0,9/11/23,Disturbance,No,Disturbance,No
,,,,,,,,,,,,,,,
9,1,4,7,7,6,10:57,1.772,0,33.4,0,9/11/23,NPK_Cessation,No,NPK ,No
,,,,,,,,,,,,,,,
9,2,4,7,7,6,,1.693,0,33.4,0,9/11/23,NPK_Cessation,No,NPK ,No
,,,,,,,,,,,,,,,
9,3,4,7,7,6,,,0,33.4,0,9/11/23,NPK_Cessation,No,NPK ,No
,,,,,,,,,,,,,,,
10,1,6,8.5,7,7.17,11:07,2.22,0,32.7,0,9/11/23,NPK ,No,NPK ,No
,,,,,,,,,,,,,,,
10,2,6,8.5,7,7.17,,1.928,0,32.7,0,9/11/23,NPK ,No,NPK ,No
,,,,,,,,,,,,,,,
10,3,6,8.5,7,7.17,,1.998,0,32.4,0,9/11/23,NPK ,No,NPK ,No
,,,,,,,,,,,,,,,
11,1,5.5,6,7,6.17,11:13,1.697,0.02,32.4,0,9/11/23,NPK_Cessation,No,NPK ,No
,,,,,,,,,,,,,,,
11,2,5.5,6,7,6.17,,1.827,0.02,32.4,0,9/11/23,NPK_Cessation,No,NPK ,No
,,,,,,,,,,,,,,,
11,3,5.5,6,7,6.17,,1.817,0.01,32.1,0,9/11/23,NPK_Cessation,No,NPK ,No
,,,,,,,,,,,,,,,
12,1,6.5,7.5,7,7,11:19,1.128,0,32.1,0,9/11/23,Disturbance,No,Disturbance,No
,,,,,,,,,,,,,,,
12,2,6.5,7.5,7,7,,,0,32.4,0,9/11/23,Disturbance,No,Disturbance,No
,,,,,,,,,,,,,,,
12,3,6.5,7.5,7,7,,1.146,0,33.1,0,9/11/23,Disturbance,No,Disturbance,No
,,,,,,,,,,,,,,,
13,1,6.5,7,7,6.83,11:25,3.869,0,33.4,0,9/11/23,NPK_Disturbance,No,NPK_Disturbance,No
,,,,,,,,,,,,,,,
13,2,6.5,7,7,6.83,,3.2,0,33.8,0,9/11/23,NPK_Disturbance,No,NPK_Disturbance,No
,,,,,,,,,,,,,,,
13,3,6.5,7,7,6.83,,2.779,0,34.2,0,9/11/23,NPK_Disturbance,No,NPK_Disturbance,No
,,,,,,,,,,,,,,,
14,1,8,8,7.5,7.83,11:39,1.695,0,35.7,0,9/11/23,NPK ,No,NPK ,No
,,,,,,,,,,,,,,,
14,2,8,8,7.5,7.83,,1.504,0,34.9,0,9/11/23,NPK ,No,NPK ,No
,,,,,,,,,,,,,,,
14,3,8,8,7.5,7.83,,1.554,0,34.6,0,9/11/23,NPK ,No,NPK ,No
,,,,,,,,,,,,,,,
15,1,7.5,8,6.5,7.33,11:46,1.446,0,34.2,0,9/11/23,Control,No,Control,No
,,,,,,,,,,,,,,,
15,2,7.5,8,6.5,7.33,,1.392,0,34.2,0,9/11/23,Control,No,Control,No
,,,,,,,,,,,,,,,
15,3,7.5,8,6.5,7.33,,1.326,0,34.9,0,9/11/23,Control,No,Control,No
,,,,,,,,,,,,,,,
16,1,7.5,6,5.5,6.33,11:53,1.924,0,36.1,0,9/11/23,Control,No,Control,No
,,,,,,,,,,,,,,,
16,2,7.5,6,5.5,6.33,,1.648,0,36.1,0,9/11/23,Control,No,Control,No
,,,,,,,,,,,,,,,
16,3,7.5,6,5.5,6.33,,1.648,0,35.7,0,9/11/23,Control,No,Control,No
,,,,,,,,,,,,,,,
17,1,5.5,7.5,6,6.33,11:58,2.593,0,35.7,0,9/11/23,NPK ,No,NPK ,No
,,,,,,,,,,,,,,,
17,2,5.5,7.5,6,6.33,,2.427,0,35.7,0,9/11/23,NPK ,No,NPK ,No
,,,,,,,,,,,,,,,
17,3,5.5,7.5,6,6.33,,2.512,0,35.7,0,9/11/23,NPK ,No,NPK ,No
,,,,,,,,,,,,,,,
18,1,6,6,6.5,6.16,12:04,2.878,0,36.1,0,9/11/23,NPK_Disturbance,Yes,NPK_Disturbance,No
,,,,,,,,,,,,,,,
18,2,6,6,6.5,6.16,,3.054,0,36.1,0,9/11/23,NPK_Disturbance,Yes,NPK_Disturbance,No
,,,,,,,,,,,,,,,
18,3,6,6,6.5,6.16,,3.051,0,36.1,0,9/11/23,NPK_Disturbance,Yes,NPK_Disturbance,No
,,,,,,,,,,,,,,,
19,1,6.5,8,7,7.16,12:10,1.798,0,36.1,0,9/11/23,NPK_Cessation,Yes,NPK ,No
,,,,,,,,,,,,,,,
19,2,6.5,8,7,7.16,,1.689,0,36.1,0,9/11/23,NPK_Cessation,Yes,NPK ,No
,,,,,,,,,,,,,,,
19,3,6.5,8,7,7.16,,1.485,0,35.7,0,9/11/23,NPK_Cessation,Yes,NPK ,No
,,,,,,,,,,,,,,,
20,1,6,5.5,6.5,6,12:15,2.192,0.01,34.9,0,9/11/23,Disturbance,Yes,Disturbance,No
,,,,,,,,,,,,,,,
20,2,6,5.5,6.5,6,,2.199,0.01,35.3,0,9/11/23,Disturbance,Yes,Disturbance,No
,,,,,,,,,,,,,,,
20,3,6,5.5,6.5,6,,2.162,0.01,35.7,0,9/11/23,Disturbance,Yes,Disturbance,No
,,,,,,,,,,,,,,,
21,1,6,5,5.5,5.5,12:21,1.881,0,35.7,0,9/11/23,NPK_Disturbance,No,NPK_Disturbance,No
,,,,,,,,,,,,,,,
21,2,6,5,5.5,5.5,,1.841,0,35.7,0,9/11/23,NPK_Disturbance,No,NPK_Disturbance,No
,,,,,,,,,,,,,,,
21,3,6,5,5.5,5.5,,1.958,0,35.7,0,9/11/23,NPK_Disturbance,No,NPK_Disturbance,No
,,,,,,,,,,,,,,,
22,1,6,6.5,6.5,6.33,12:27,3.566,0,35.7,0,9/11/23,Control,No,Control,No
,,,,,,,,,,,,,,,
22,2,6,6.5,6.5,6.33,,3.298,0,35.3,0,9/11/23,Control,No,Control,No
,,,,,,,,,,,,,,,
22,3,6,6.5,6.5,6.33,,3.32,0,35.3,0,9/11/23,Control,No,Control,No
,,,,,,,,,,,,,,,
23,1,6,6.6,7,6.5,13:32,1.606,0,35.3,0,9/11/23,Disturbance,No,Disturbance,No
,,,,,,,,,,,,,,,
23,2,6,6.6,7,6.5,,1.606,0,35.7,0,9/11/23,Disturbance,No,Disturbance,No
,,,,,,,,,,,,,,,
23,3,6,6.6,7,6.5,,1.529,0,36.1,0,9/11/23,Disturbance,No,Disturbance,No
,,,,,,,,,,,,,,,
24,1,7.5,6.5,7,7,12:39,1.974,0,36.5,0,9/11/23,NPK ,No,NPK ,No
,,,,,,,,,,,,,,,
24,2,7.5,6.5,7,7,,1.834,0,36.5,0,9/11/23,NPK ,No,NPK ,No
,,,,,,,,,,,,,,,
24,3,7.5,6.5,7,7,,1.882,0,36.1,0,9/11/23,NPK ,No,NPK ,No
,,,,,,,,,,,,,,,
25,1,7.5,8,8.5,8,12:44,2.054,0,36.1,0,9/11/23,NPK_Cessation,No,NPK ,No
,,,,,,,,,,,,,,,
25,2,7.5,8,8.5,8,,1.998,0,36.1,0,9/11/23,NPK_Cessation,No,NPK ,No
,,,,,,,,,,,,,,,
25,3,7.5,8,8.5,8,,2.007,0,36.5,0,9/11/23,NPK_Cessation,No,NPK ,No
,,,,,,,,,,,,,,,
1,1,,,,6.16,11:08,1.299,0,28,0,9/25/23,Disturbance,No,Disturbance,No
,,,,,,,,,,,,,,,
1,2,,,,,11:09,1.169,0,28.3,0,9/25/23,Disturbance,No,Disturbance,No
,,,,,,,,,,,,,,,
1,3,,,,,11:11,1.249,0,29.2,0,9/25/23,Disturbance,No,Disturbance,No
,,,,,,,,,,,,,,,
2,1,,,,6.83,11:02,0.903,0,27.8,0,9/25/23,NPK_Cessation,No,NPK ,No
,,,,,,,,,,,,,,,
2,2,,,,,11:04,0.969,0,27.8,0,9/25/23,NPK_Cessation,No,NPK ,No
,,,,,,,,,,,,,,,
2,3,,,,,11:05,0.879,0,27.8,0,9/25/23,NPK_Cessation,No,NPK ,No
,,,,,,,,,,,,,,,
3,1,,,,6,10:56,1.132,0,27.2,0,9/25/23,NPK ,No,NPK ,No
,,,,,,,,,,,,,,,
3,2,,,,,10:57,0.953,0,27.5,0,9/25/23,NPK ,No,NPK ,No
,,,,,,,,,,,,,,,
3,3,,,,,10:59,1.17,0,27.5,0,9/25/23,NPK ,No,NPK ,No
,,,,,,,,,,,,,,,
4,1,,,,7,10:49,0.775,0,26.9,0,9/25/23,Control,No,Control,No
,,,,,,,,,,,,,,,
4,2,,,,,10:51,0.78,0,27.2,0,9/25/23,Control,No,Control,No
,,,,,,,,,,,,,,,
4,3,,,,,10:52,0.71,0,27.2,0,9/25/23,Control,No,Control,No
,,,,,,,,,,,,,,,
5,1,,,,6,10:43,1.328,0,26.2,0,9/25/23,NPK_Disturbance,No,NPK_Disturbance,No
,,,,,,,,,,,,,,,
5,2,,,,,10:45,1.301,0,26.4,0,9/25/23,NPK_Disturbance,No,NPK_Disturbance,No
,,,,,,,,,,,,,,,
5,3,,,,,10:47,1.239,0,26.4,0,9/25/23,NPK_Disturbance,No,NPK_Disturbance,No
,,,,,,,,,,,,,,,
6,1,,,,7,10:38,1.084,0,24.9,0,9/25/23,NPK_Disturbance,Yes,NPK_Disturbance,No
,,,,,,,,,,,,,,,
6,2,,,,,10:39,1.029,0,25.1,0,9/25/23,NPK_Disturbance,Yes,NPK_Disturbance,No
,,,,,,,,,,,,,,,
6,3,,,,,10:41,1.01,0,25.1,0,9/25/23,NPK_Disturbance,Yes,NPK_Disturbance,No
,,,,,,,,,,,,,,,
7,1,,,,7.5,10:32,1.33,0,24.4,0,9/25/23,Control,No,Control,No
,,,,,,,,,,,,,,,
7,2,,,,,10:33,1.18,0,24.7,0,9/25/23,Control,No,Control,No
,,,,,,,,,,,,,,,
7,3,,,,,10:35,1.224,0,24.7,0,9/25/23,Control,No,Control,No
,,,,,,,,,,,,,,,
8,1,,,,5.83,10:26,1.411,0,23.9,0,9/25/23,Disturbance,Yes,Disturbance,No
,,,,,,,,,,,,,,,
8,2,,,,,10:27,2.058,0,24.2,0,9/25/23,Disturbance,Yes,Disturbance,No
,,,,,,,,,,,,,,,
8,3,,,,,10:29,1.791,0,24.2,0,9/25/23,Disturbance,Yes,Disturbance,No
,,,,,,,,,,,,,,,
9,1,,,,6,10:20,1.043,0,23.9,0,9/25/23,NPK_Cessation,Yes,NPK ,No
,,,,,,,,,,,,,,,
9,2,,,,,10:22,0.942,0,23.9,0,9/25/23,NPK_Cessation,Yes,NPK ,No
,,,,,,,,,,,,,,,
9,3,,,,,10:23,1.022,0,23.9,0,9/25/23,NPK_Cessation,Yes,NPK ,No
,,,,,,,,,,,,,,,
10,1,,,,7.17,10:14,1.084,0,23.9,0,9/25/23,NPK ,No,NPK ,No
,,,,,,,,,,,,,,,
10,2,,,,,10:15,1.079,0,23.9,0,9/25/23,NPK ,No,NPK ,No
,,,,,,,,,,,,,,,
10,3,,,,,10:17,0.891,0,23.9,0,9/25/23,NPK ,No,NPK ,No
,,,,,,,,,,,,,,,
11,1,,,,6.17,10:08,1.195,0,23.9,0,9/25/23,NPK_Cessation,No,NPK ,No
,,,,,,,,,,,,,,,
11,2,,,,,10:09,1.023,0,23.9,0,9/25/23,NPK_Cessation,No,NPK ,No
,,,,,,,,,,,,,,,
11,3,,,,,10:11,0.984,0,23.9,0,9/25/23,NPK_Cessation,No,NPK ,No
,,,,,,,,,,,,,,,
12,1,,,,7,10:02,0.651,0,23.9,0,9/25/23,Disturbance,Yes,Disturbance,No
,,,,,,,,,,,,,,,
12,2,,,,,10:03,0.598,0,23.9,0,9/25/23,Disturbance,Yes,Disturbance,No
,,,,,,,,,,,,,,,
12,3,,,,,,0.536,0,23.9,0,9/25/23,Disturbance,Yes,Disturbance,No
,,,,,,,,,,,,,,,
13,1,,,,6.83,9:56,0.81,0,23.9,0,9/25/23,NPK_Disturbance,Yes,NPK_Disturbance,No
,,,,,,,,,,,,,,,
13,2,,,,,,0.791,0,23.9,0,9/25/23,NPK_Disturbance,Yes,NPK_Disturbance,No
,,,,,,,,,,,,,,,
13,3,,,,,9:59,0.855,0,23.9,0,9/25/23,NPK_Disturbance,Yes,NPK_Disturbance,No
,,,,,,,,,,,,,,,
14,1,,,,7.83,12:17,1.153,0,34.2,0,9/25/23,NPK ,No,NPK ,No
,,,,,,,,,,,,,,,
14,2,,,,,12:19,1.019,0,34.2,0,9/25/23,NPK ,No,NPK ,No
,,,,,,,,,,,,,,,
14,3,,,,,12:20,0.979,0,34.6,0,9/25/23,NPK ,No,NPK ,No
,,,,,,,,,,,,,,,
15,1,,,,7.33,12:12,0.914,0,33.4,0,9/25/23,Control,Yes,Control,No
,,,,,,,,,,,,,,,
15,2,,,,,12:13,0.923,0,33.4,0,9/25/23,Control,Yes,Control,No
,,,,,,,,,,,,,,,
15,3,,,,,12:14,0.921,0,33.8,0,9/25/23,Control,Yes,Control,No
,,,,,,,,,,,,,,,
16,1,,,,6.33,12:06,1.041,0,33.1,0,9/25/23,Control,No,Control,No
,,,,,,,,,,,,,,,
16,2,,,,,12:07,0.979,0,33.1,0,9/25/23,Control,No,Control,No
,,,,,,,,,,,,,,,
16,3,,,,,12:09,1.061,0,33.1,0,9/25/23,Control,No,Control,No
,,,,,,,,,,,,,,,
17,1,,,,6.33,12:01,1.369,0,31.7,0,9/25/23,NPK ,No,NPK ,No
,,,,,,,,,,,,,,,
17,2,,,,,12:02,1.271,0,32.1,0,9/25/23,NPK ,No,NPK ,No
,,,,,,,,,,,,,,,
17,3,,,,,12:03,1.103,0,32.4,0,9/25/23,NPK ,No,NPK ,No
,,,,,,,,,,,,,,,
18,1,,,,6.16,11:55,1.239,0,31.1,0,9/25/23,NPK_Disturbance,No,NPK_Disturbance,No
,,,,,,,,,,,,,,,
18,2,,,,,11:56,1.274,0,31.1,0,9/25/23,NPK_Disturbance,No,NPK_Disturbance,No
,,,,,,,,,,,,,,,
18,3,,,,,11:58,1.225,0,31.4,0,9/25/23,NPK_Disturbance,No,NPK_Disturbance,No
,,,,,,,,,,,,,,,
19,1,,,,7.16,11:49,1.121,0,31.7,0,9/25/23,NPK_Cessation,No,NPK ,No
,,,,,,,,,,,,,,,
19,2,,,,,11:50,0.941,0,31.7,0,9/25/23,NPK_Cessation,No,NPK ,No
,,,,,,,,,,,,,,,
19,3,,,,,11:52,0.991,0,31.4,0,9/25/23,NPK_Cessation,No,NPK ,No
,,,,,,,,,,,,,,,
20,1,,,,6,11:43,1.248,0,30.1,0,9/25/23,Disturbance,Yes,Disturbance,No
,,,,,,,,,,,,,,,
20,2,,,,,18:25,1.229,0,30.7,0,9/25/23,Disturbance,Yes,Disturbance,No
,,,,,,,,,,,,,,,
20,3,,,,,11:47,1.193,0,31.1,0,9/25/23,Disturbance,Yes,Disturbance,No
,,,,,,,,,,,,,,,
21,1,,,,5.5,11:38,1.104,0,30.4,0,9/25/23,NPK_Disturbance,Yes,NPK_Disturbance,No
,,,,,,,,,,,,,,,
21,2,,,,,11:39,1.315,0,30.4,0,9/25/23,NPK_Disturbance,Yes,NPK_Disturbance,No
,,,,,,,,,,,,,,,
21,3,,,,,11:41,1.328,0,30.1,0,9/25/23,NPK_Disturbance,Yes,NPK_Disturbance,No
,,,,,,,,,,,,,,,
22,1,,,,6.33,11:32,1.905,0,30.7,0,9/25/23,Control,No,Control,No
,,,,,,,,,,,,,,,
22,2,,,,,11:34,1.881,0,30.7,0,9/25/23,Control,No,Control,No
,,,,,,,,,,,,,,,
22,3,,,,,11:35,1.966,0,30.4,0,9/25/23,Control,No,Control,No
,,,,,,,,,,,,,,,
23,1,,,,6.5,11:27,0.827,0,31.1,0,9/25/23,Disturbance,Yes,Disturbance,No
,,,,,,,,,,,,,,,
23,2,,,,,11:28,0.791,0,31.1,0,9/25/23,Disturbance,Yes,Disturbance,No
,,,,,,,,,,,,,,,
23,3,,,,,11:30,0.812,0,31.1,0,9/25/23,Disturbance,Yes,Disturbance,No
,,,,,,,,,,,,,,,
24,1,,,,7,11:20,0.922,0,31.4,0,9/25/23,NPK ,No,NPK ,No
,,,,,,,,,,,,,,,
24,2,,,,,11:22,1.299,0,31.4,0,9/25/23,NPK ,No,NPK ,No
,,,,,,,,,,,,,,,
24,3,,,,,11:23,1.202,0,31.1,0,9/25/23,NPK ,No,NPK ,No
,,,,,,,,,,,,,,,
25,1,,,,8,11:15,1.221,0,30.1,0,9/25/23,NPK_Cessation,No,NPK ,No
,,,,,,,,,,,,,,,
25,2,,,,,11:16,1.166,0,30.1,0,9/25/23,NPK_Cessation,No,NPK ,No
,,,,,,,,,,,,,,,
25,3,,,,,11:18,1.113,0,30.7,0,9/25/23,NPK_Cessation,No,NPK ,No
,,,,,,,,,,,,,,,
1,1,,,,6.16,12:28,1.799,0.05,31.4,0,9/18/23,Disturbance,,Disturbance,No
,,,,,,,,,,,,,,,
1,2,,,,,12:30,1.705,0.05,32.1,0,9/18/23,Disturbance,,Disturbance,No
,,,,,,,,,,,,,,,
1,3,,,,,12:31,1.667,0.04,32.1,0,9/18/23,Disturbance,,Disturbance,No
,,,,,,,,,,,,,,,
2,1,,,,6.83,12:23,1.483,0.03,31.4,0,9/18/23,NPK_Cessation,,NPK ,No
,,,,,,,,,,,,,,,
2,2,,,,,12:24,1.426,0.03,31.4,0,9/18/23,NPK_Cessation,,NPK ,No
,,,,,,,,,,,,,,,
2,3,,,,,12:25,1.335,0.03,31.4,0,9/18/23,NPK_Cessation,,NPK ,No
,,,,,,,,,,,,,,,
3,1,,,,6,12:17,2.064,0,30.1,0,9/18/23,NPK ,,NPK ,No
,,,,,,,,,,,,,,,
3,2,,,,,12:18,1.923,0,30.4,0,9/18/23,NPK ,,NPK ,No
,,,,,,,,,,,,,,,
3,3,,,,,12:20,2.009,0,30.7,0,9/18/23,NPK ,,NPK ,No
,,,,,,,,,,,,,,,
4,1,,,,7,12:10,1.197,0,30.4,0,9/18/23,Control,,Control,No
,,,,,,,,,,,,,,,
4,2,,,,,12:12,1.183,0,30.4,0,9/18/23,Control,,Control,No
,,,,,,,,,,,,,,,
4,3,,,,,12:13,1.194,0,30.1,0,9/18/23,Control,,Control,No
,,,,,,,,,,,,,,,
5,1,,,,6,12:04,2.597,0,29.8,0,9/18/23,NPK_Disturbance,,NPK_Disturbance,No
,,,,,,,,,,,,,,,
5,2,,,,,12:06,2.354,0,30.1,0,9/18/23,NPK_Disturbance,,NPK_Disturbance,No
,,,,,,,,,,,,,,,
5,3,,,,,12:07,2.314,0,30.1,0,9/18/23,NPK_Disturbance,,NPK_Disturbance,No
,,,,,,,,,,,,,,,
6,1,,,,7,11:59,2.414,0,29.5,0,9/18/23,NPK_Disturbance,,NPK_Disturbance,No
,,,,,,,,,,,,,,,
6,2,,,,,12:00,2.29,0.02,29.8,0,9/18/23,NPK_Disturbance,,NPK_Disturbance,No
,,,,,,,,,,,,,,,
6,3,,,,,12:02,2.157,0.02,29.8,0,9/18/23,NPK_Disturbance,,NPK_Disturbance,No
,,,,,,,,,,,,,,,
7,1,,,,7.5,11:53,2.295,0,29.2,0,9/18/23,Control,,Control,No
,,,,,,,,,,,,,,,
7,2,,,,,11:54,2.079,0,29.2,0,9/18/23,Control,,Control,No
,,,,,,,,,,,,,,,
7,3,,,,,11:56,2.212,0,29.5,0,9/18/23,Control,,Control,No
,,,,,,,,,,,,,,,
8,1,,,,5.83,11:47,2.784,0,28.6,0,9/18/23,Disturbance,,Disturbance,No
,,,,,,,,,,,,,,,
8,2,,,,,11:48,2.813,0,28.6,0,9/18/23,Disturbance,,Disturbance,No
,,,,,,,,,,,,,,,
8,3,,,,,11:50,2.262,0,28.9,0,9/18/23,Disturbance,,Disturbance,No
,,,,,,,,,,,,,,,
9,1,,,,6,11:42,2.133,0,28.9,0,9/18/23,NPK_Cessation,,NPK ,No
,,,,,,,,,,,,,,,
9,2,,,,,11:43,1.832,0,28.9,0,9/18/23,NPK_Cessation,,NPK ,No
,,,,,,,,,,,,,,,
9,3,,,,,11:44,1.952,0,28.6,0,9/18/23,NPK_Cessation,,NPK ,No
,,,,,,,,,,,,,,,
10,1,,,,7.17,11:36,2.233,0,29.5,0,9/18/23,NPK ,,NPK ,No
,,,,,,,,,,,,,,,
10,2,,,,,11:37,1.966,0,29.2,0,9/18/23,NPK ,,NPK ,No
,,,,,,,,,,,,,,,
10,3,,,,,11:39,1.959,0,29.2,0,9/18/23,NPK ,,NPK ,No
,,,,,,,,,,,,,,,
11,1,,,,6.17,11:30,2.248,0.02,29.5,0,9/18/23,NPK_Cessation,,NPK ,No
,,,,,,,,,,,,,,,
11,2,,,,,11:31,2.129,0.03,29.5,0,9/18/23,NPK_Cessation,,NPK ,No
,,,,,,,,,,,,,,,
11,3,,,,,11:33,2.148,0.03,29.5,0,9/18/23,NPK_Cessation,,NPK ,No
,,,,,,,,,,,,,,,
12,1,,,,7,11:24,0.959,0,28.9,0,9/18/23,Disturbance,,Disturbance,No
,,,,,,,,,,,,,,,
12,2,,,,,11:25,1.01,0,28.9,0,9/18/23,Disturbance,,Disturbance,No
,,,,,,,,,,,,,,,
12,3,,,,,11:27,0.94,0.01,29.2,0,9/18/23,Disturbance,,Disturbance,No
,,,,,,,,,,,,,,,
13,1,,,,6.83,11:17,1.48,0,26.7,0,9/18/23,NPK_Disturbance,,NPK_Disturbance,No
,,,,,,,,,,,,,,,
13,2,,,,,11:19,1.407,0,26.9,0,9/18/23,NPK_Disturbance,,NPK_Disturbance,No
,,,,,,,,,,,,,,,
13,3,,,,,11:20,1.314,0,27.5,0,9/18/23,NPK_Disturbance,,NPK_Disturbance,No
,,,,,,,,,,,,,,,
14,1,,,,7.83,11:12,1.673,0,26.7,0,9/18/23,NPK ,,NPK ,No
,,,,,,,,,,,,,,,
14,2,,,,,11:13,1.633,0.02,26.7,0,9/18/23,NPK ,,NPK ,No
,,,,,,,,,,,,,,,
14,3,,,,,11:15,1.611,0.02,26.4,0,9/18/23,NPK ,,NPK ,No
,,,,,,,,,,,,,,,
15,1,,,,7.33,11:05,1.25,0,25.9,0,9/18/23,Control,,Control,No
,,,,,,,,,,,,,,,
15,2,,,,,11:06,1.276,0,26.2,0,9/18/23,Control,,Control,No
,,,,,,,,,,,,,,,
15,3,,,,,11:08,1.145,0,26.2,0,9/18/23,Control,,Control,No
,,,,,,,,,,,,,,,
16,1,,,,6.33,10:59,1.655,0,25.6,0,9/18/23,Control,,Control,No
,,,,,,,,,,,,,,,
16,2,,,,,11:00,1.495,0,25.9,0,9/18/23,Control,,Control,No
,,,,,,,,,,,,,,,
16,3,,,,,11:02,1.475,0,25.9,0,9/18/23,Control,,Control,No
,,,,,,,,,,,,,,,
17,1,,,,6.33,10:54,2.6,0.05,24.9,0,9/18/23,NPK ,,NPK ,No
,,,,,,,,,,,,,,,
17,2,,,,,10:55,2.629,0.05,25.1,0,9/18/23,NPK ,,NPK ,No
,,,,,,,,,,,,,,,
17,3,,,,,10:56,2.678,0.05,25.4,0,9/18/23,NPK ,,NPK ,No
,,,,,,,,,,,,,,,
18,1,,,,6.16,10:47,1.708,0,24.2,0,9/18/23,NPK_Disturbance,,NPK_Disturbance,No
,,,,,,,,,,,,,,,
18,2,,,,,10:49,1.668,0,24.2,0,9/18/23,NPK_Disturbance,,NPK_Disturbance,No
,,,,,,,,,,,,,,,
18,3,,,,,10:50,1.704,0,24.4,0,9/18/23,NPK_Disturbance,,NPK_Disturbance,No
,,,,,,,,,,,,,,,
19,1,,,,7.16,10:41,1.754,0.03,23.9,0.01,9/18/23,NPK_Cessation,,NPK ,No
,,,,,,,,,,,,,,,
19,2,,,,,10:43,1.516,0.03,23.9,0.01,9/18/23,NPK_Cessation,,NPK ,No
,,,,,,,,,,,,,,,
19,3,,,,,10:44,1.583,0.01,23.9,0.01,9/18/23,NPK_Cessation,,NPK ,No
,,,,,,,,,,,,,,,
20,1,,,,6,10:35,1.616,0,23.7,0,9/18/23,Disturbance,,Disturbance,No
,,,,,,,,,,,,,,,
20,2,,,,,10:36,1.49,0.01,23.7,0,9/18/23,Disturbance,,Disturbance,No
,,,,,,,,,,,,,,,
20,3,,,,,10:38,1.494,0.01,23.7,0,9/18/23,Disturbance,,Disturbance,No
,,,,,,,,,,,,,,,
21,1,,,,5.5,10:29,1.375,0.05,24.2,0,9/18/23,NPK_Disturbance,,NPK_Disturbance,No
,,,,,,,,,,,,,,,
21,2,,,,,10:31,1.555,0.05,23.9,0,9/18/23,NPK_Disturbance,,NPK_Disturbance,No
,,,,,,,,,,,,,,,
21,3,,,,,10:32,1.542,0.05,23.9,0,9/18/23,NPK_Disturbance,,NPK_Disturbance,No
,,,,,,,,,,,,,,,
22,1,,,,6.33,10:23,2.742,0.13,23.7,0.01,9/18/23,Control,,Control,No
,,,,,,,,,,,,,,,
22,2,,,,,10:25,2.831,0.13,23.9,0.01,9/18/23,Control,,Control,No
,,,,,,,,,,,,,,,
22,3,,,,,10:26,2.738,0.12,23.9,0.01,9/18/23,Control,,Control,No
,,,,,,,,,,,,,,,
23,1,,,,6.5,10:17,1.054,0,22.8,0,9/18/23,Disturbance,,Disturbance,No
,,,,,,,,,,,,,,,
23,2,,,,,10:19,0.947,0,23,0,9/18/23,Disturbance,,Disturbance,No
,,,,,,,,,,,,,,,
23,3,,,,,10:20,1.03,0,23.5,0,9/18/23,Disturbance,,Disturbance,No
,,,,,,,,,,,,,,,
24,1,,,,7,10:06,1.627,0,22.1,0,9/18/23,NPK ,,NPK ,No
,,,,,,,,,,,,,,,
24,2,,,,,10:07,1.552,0,22.1,0,9/18/23,NPK ,,NPK ,No
,,,,,,,,,,,,,,,
24,3,,,,,10:08,1.554,0,21.9,0,9/18/23,NPK ,,NPK ,No
,,,,,,,,,,,,,,,
25,1,,,,8,10:10,1.679,0,21.9,0,9/18/23,NPK_Cessation,,NPK ,No
,,,,,,,,,,,,,,,
25,2,,,,,10:12,1.498,0,21.9,0,9/18/23,NPK_Cessation,,NPK ,No
,,,,,,,,,,,,,,,
25,3,,,,,10:13,1.54,0,22.1,0,9/18/23,NPK_Cessation,,NPK ,No
,,,,,,,,,,,,,,,
1,1,,,,6.16,11:22,1.258,0,30.1,0,10/2/23,Disturbance,,Disturbance,No
,,,,,,,,,,,,,,,
1,2,,,,,,1.305,0,30.1,0,10/2/23,Disturbance,,Disturbance,No
,,,,,,,,,,,,,,,
1,3,,,,,11:25,1.34,0,30.4,0,10/2/23,Disturbance,,Disturbance,No
,,,,,,,,,,,,,,,
2,1,,,,6.83,11:28,,0,30.4,0,10/2/23,NPK_Cessation,,NPK ,No
,,,,,,,,,,,,,,,
2,2,,,,,,0.716,0,30.7,0,10/2/23,NPK_Cessation,,NPK ,No
,,,,,,,,,,,,,,,
2,3,,,,,11:31,0.785,0,30.7,0,10/2/23,NPK_Cessation,,NPK ,No
,,,,,,,,,,,,,,,
3,1,,,,6,11:33,0.952,0,31.1,0,10/2/23,NPK ,,NPK ,No
,,,,,,,,,,,,,,,
3,2,,,,,11:35,0.871,0,31.1,0,10/2/23,NPK ,,NPK ,No
,,,,,,,,,,,,,,,
3,3,,,,,11:36,0.967,0,31.1,0,10/2/23,NPK ,,NPK ,No
,,,,,,,,,,,,,,,
4,1,,,,7,11:39,0.709,0,31.1,0,10/2/23,Control,,Control,No
,,,,,,,,,,,,,,,
4,2,,,,,11:41,0.626,0,30.7,0,10/2/23,Control,,Control,No
,,,,,,,,,,,,,,,
4,3,,,,,11:42,0.602,0,30.7,0,10/2/23,Control,,Control,No
,,,,,,,,,,,,,,,
5,1,,,,6,11:45,1.152,0,30.7,0,10/2/23,NPK_Disturbance,,NPK_Disturbance,No
,,,,,,,,,,,,,,,
5,2,,,,,11:46,1.237,0,30.7,0,10/2/23,NPK_Disturbance,,NPK_Disturbance,No
,,,,,,,,,,,,,,,
5,3,,,,,11:48,1.181,0,31.1,0,10/2/23,NPK_Disturbance,,NPK_Disturbance,No
,,,,,,,,,,,,,,,
6,1,,,,7,11:50,1.135,0,31.4,0,10/2/23,NPK_Disturbance,,NPK_Disturbance,No
,,,,,,,,,,,,,,,
6,2,,,,,11:52,1.308,0,31.4,0,10/2/23,NPK_Disturbance,,NPK_Disturbance,No
,,,,,,,,,,,,,,,
6,3,,,,,11:53,1.339,0,31.4,0,10/2/23,NPK_Disturbance,,NPK_Disturbance,No
,,,,,,,,,,,,,,,
7,1,,,,7.5,10:42,1.046,0,26.7,0,10/2/23,Control,,Control,No
,,,,,,,,,,,,,,,
7,2,,,,,10:44,1.055,0,26.9,0,10/2/23,Control,,Control,No
,,,,,,,,,,,,,,,
7,3,,,,,10:45,1.128,0,27.2,0,10/2/23,Control,,Control,No
,,,,,,,,,,,,,,,
8,1,,,,5.83,10:48,1.179,0,27.2,0,10/2/23,Disturbance,,Disturbance,No
,,,,,,,,,,,,,,,
8,2,,,,,10:49,1.659,0,27.5,0,10/2/23,Disturbance,,Disturbance,No
,,,,,,,,,,,,,,,
8,3,,,,,10:51,1.378,0,27.5,0,10/2/23,Disturbance,,Disturbance,No
,,,,,,,,,,,,,,,
9,1,,,,6,10:53,0.764,0,27.5,0,10/2/23,NPK_Cessation,,NPK ,No
,,,,,,,,,,,,,,,
9,2,,,,,10:55,0.748,0,27.5,0,10/2/23,NPK_Cessation,,NPK ,No
,,,,,,,,,,,,,,,
9,3,,,,,10:56,0.809,0,27.5,0,10/2/23,NPK_Cessation,,NPK ,No
,,,,,,,,,,,,,,,
10,1,,,,7.17,10:59,0.963,0,27.5,0,10/2/23,NPK ,,NPK ,No
,,,,,,,,,,,,,,,
10,2,,,,,11:01,0.867,0,27.5,0,10/2/23,NPK ,,NPK ,No
,,,,,,,,,,,,,,,
10,3,,,,,11:02,0.831,0,27.8,0,10/2/23,NPK ,,NPK ,No
,,,,,,,,,,,,,,,
11,1,,,,6.17,11:05,0.792,0,27.8,0,10/2/23,NPK_Cessation,,NPK ,No
,,,,,,,,,,,,,,,
11,2,,,,,11:06,0.772,0,28,0,10/2/23,NPK_Cessation,,NPK ,No
,,,,,,,,,,,,,,,
11,3,,,,,11:08,0.777,0,28,0,10/2/23,NPK_Cessation,,NPK ,No
,,,,,,,,,,,,,,,
12,1,,,,7,11:10,0.61,0,28.3,0,10/2/23,Disturbance,,Disturbance,No
,,,,,,,,,,,,,,,
12,2,,,,,11:12,0.558,0,28.9,0,10/2/23,Disturbance,,Disturbance,No
,,,,,,,,,,,,,,,
12,3,,,,,11:13,0.609,0,28.9,0,10/2/23,Disturbance,,Disturbance,No
,,,,,,,,,,,,,,,
13,1,,,,6.83,11:16,0.728,0,29.2,0,10/2/23,NPK_Disturbance,,NPK_Disturbance,No
,,,,,,,,,,,,,,,
13,2,,,,,11:18,0.775,0,29.5,0,10/2/23,NPK_Disturbance,,NPK_Disturbance,No
,,,,,,,,,,,,,,,
13,3,,,,,11:19,0.788,0,29.5,0,10/2/23,NPK_Disturbance,,NPK_Disturbance,No
,,,,,,,,,,,,,,,
14,1,,,,7.83,10:01,0.809,0,23.3,0,10/2/23,NPK ,,NPK ,No
,,,,,,,,,,,,,,,
14,2,,,,,,0.758,0,23.3,0,10/2/23,NPK ,,NPK ,No
,,,,,,,,,,,,,,,
14,3,,,,,,0.814,0,23.3,0,10/2/23,NPK ,,NPK ,No
,,,,,,,,,,,,,,,
15,1,,,,7.33,10:07,0.711,0,23.3,0,10/2/23,Control,,Control,No
,,,,,,,,,,,,,,,
15,2,,,,,,0.717,0,23.5,0,10/2/23,Control,,Control,No
,,,,,,,,,,,,,,,
15,3,,,,,10:10,0.663,0,23.5,0,10/2/23,Control,,Control,No
,,,,,,,,,,,,,,,
16,1,,,,6.33,10:13,0.809,0,23.9,0,10/2/23,Control,,Control,No
,,,,,,,,,,,,,,,
16,2,,,,,10:14,0.821,0,23.9,0,10/2/23,Control,,Control,No
,,,,,,,,,,,,,,,
16,3,,,,,10:16,0.766,0,24.2,0,10/2/23,Control,,Control,No
,,,,,,,,,,,,,,,
17,1,,,,6.33,10:18,1.046,0,24.4,0,10/2/23,NPK ,,NPK ,No
,,,,,,,,,,,,,,,
17,2,,,,,10:20,0.835,0,24.7,0,10/2/23,NPK ,,NPK ,No
,,,,,,,,,,,,,,,
17,3,,,,,10:21,0.94,0,24.9,0,10/2/23,NPK ,,NPK ,No
,,,,,,,,,,,,,,,
18,1,,,,6.16,10:24,1.058,0,25.9,0,10/2/23,NPK_Disturbance,,NPK_Disturbance,No
,,,,,,,,,,,,,,,
18,2,,,,,10:26,0.904,0,25.9,0,10/2/23,NPK_Disturbance,,NPK_Disturbance,No
,,,,,,,,,,,,,,,
18,3,,,,,10:27,0.928,0,25.9,0,10/2/23,NPK_Disturbance,,NPK_Disturbance,No
,,,,,,,,,,,,,,,
19,1,,,,7.16,10:30,0.615,0,26.2,0,10/2/23,NPK_Cessation,,NPK ,No
,,,,,,,,,,,,,,,
19,2,,,,,10:32,0.414,0,26.4,0,10/2/23,NPK_Cessation,,NPK ,No
,,,,,,,,,,,,,,,
19,3,,,,,10:33,0.972,0,26.7,0,10/2/23,NPK_Cessation,,NPK ,No
,,,,,,,,,,,,,,,
20,1,,,,6,10:36,1.023,0,26.7,0,10/2/23,Disturbance,,Disturbance,No
,,,,,,,,,,,,,,,
20,2,,,,,10:38,0.942,0,26.9,0,10/2/23,Disturbance,,Disturbance,No
,,,,,,,,,,,,,,,
20,3,,,,,10:39,0.962,0,26.7,0,10/2/23,Disturbance,,Disturbance,No
,,,,,,,,,,,,,,,
21,1,,,,5.5,11:56,1.034,0,31.4,0,10/2/23,NPK_Disturbance,,NPK_Disturbance,No
,,,,,,,,,,,,,,,
21,2,,,,,11:58,0.752,0,31.4,0,10/2/23,NPK_Disturbance,,NPK_Disturbance,No
,,,,,,,,,,,,,,,
21,3,,,,,11:59,0.73,0,31.7,0,10/2/23,NPK_Disturbance,,NPK_Disturbance,No
,,,,,,,,,,,,,,,
22,1,,,,6.33,12:02,1.489,0,31.7,0,10/2/23,Control,,Control,No
,,,,,,,,,,,,,,,
22,2,,,,,12:04,1.373,0,31.7,0,10/2/23,Control,,Control,No
,,,,,,,,,,,,,,,
22,3,,,,,12:05,1.541,0,31.4,0,10/2/23,Control,,Control,No
,,,,,,,,,,,,,,,
23,1,,,,6.5,12:08,0.745,0,31.1,0,10/2/23,Disturbance,,Disturbance,No
,,,,,,,,,,,,,,,
23,2,,,,,12:09,0.774,0,31.4,0,10/2/23,Disturbance,,Disturbance,No
,,,,,,,,,,,,,,,
23,3,,,,,12:10,0.794,0,31.7,0,10/2/23,Disturbance,,Disturbance,No
,,,,,,,,,,,,,,,
24,1,,,,7,12:14,0.957,0,31.7,0,10/2/23,NPK ,,NPK ,No
,,,,,,,,,,,,,,,
24,2,,,,,12:15,0.924,0,31.7,0,10/2/23,NPK ,,NPK ,No
,,,,,,,,,,,,,,,
24,3,,,,,12:17,0.858,0,31.7,0,10/2/23,NPK ,,NPK ,No
,,,,,,,,,,,,,,,
25,1,,,,8,12:19,0.877,0,31.7,0,10/2/23,NPK_Cessation,,NPK ,No
,,,,,,,,,,,,,,,
25,2,,,,,12:20,0.879,0,32.1,0,10/2/23,NPK_Cessation,,NPK ,No
,,,,,,,,,,,,,,,
25,3,,,,,12:22,0.847,0,33.1,0,10/2/23,NPK_Cessation,,NPK ,No